CHROMOSOME	POSITION	REF	ALT	SAMPLE	ID
4	67717	T	C	SA596119_SP193063	I0000000000
17	96924	G	C	SA596305_SP192899	I0000000001
16	129682	C	T	SA596308_SP192902	I0000000002
12	176120	C	G	SA596108_SP193050	I0000000003
11	199341	G	A	SA596055_SP192984	I0000000004
11	208965	C	G	SA596287_SP192889	I0000000005
16	240180	C	T	SA596165_SP193115	I0000000006
12	301674	G	T	SA596150_SP193095	I0000000007
19	307134	G	A	SA596032_SP192964	I0000000008
19	307402	G	A	SA596308_SP192902	I0000000009
10	323493	C	G	SA596143_SP193092	I0000000010
19	327253	G	T	SA596154_SP193097	I0000000011
18	331733	G	A	SA596128_SP193068	I0000000012
6	348766	C	A	SA596052_SP192979	I0000000013
9	420959	G	A	SA596287_SP192889	I0000000014
3	424321	C	T	SA596150_SP193095	I0000000015
10	430114	C	A	SA596107_SP193047	I0000000016
5	443000	G	C	SA596192_SP193143	I0000000017
19	496464	G	A	SA596057_SP192989	I0000000018
19	501786	C	A	SA596348_SP192925	I0000000019
11	552628	C	A	SA596301_SP192897	I0000000020
19	581444	G	A	SA596154_SP193097	I0000000021
11	587389	C	T	SA596194_SP193148	I0000000022
16	597528	G	A	SA596308_SP192902	I0000000023
19	613511	T	G	SA596163_SP193110	I0000000024
11	617558	G	A	SA596308_SP192902	I0000000025
18	657862	C	T	SA596305_SP192899	I0000000026
4	682735	G	A	SA596044_SP192971	I0000000027
19	691882	G	A	SA596308_SP192902	I0000000028
11	703132	C	G	SA596074_SP192998	I0000000029
11	703141	C	G	SA596074_SP192998	I0000000030
17	729262	G	A	SA596043_SP192969	I0000000031
16	731236	G	T	SA596308_SP192902	I0000000032
20	744121	T	A	SA596308_SP192902	I0000000033
19	746703	C	T	SA596074_SP192998	I0000000034
1	762345	A	G	SA596180_SP193125	I0000000035
12	772458	C	T	SA596308_SP192902	I0000000036
5	796162	C	A	SA596308_SP192902	I0000000037
16	814612	C	T	SA596348_SP192925	I0000000038
20	826054	G	A	SA596165_SP193115	I0000000039
11	842418	C	T	SA596308_SP192902	I0000000040
19	861855	C	G	SA596361_SP192930	I0000000041
1	906483	G	A	SA596308_SP192902	I0000000042
17	915414	G	A	SA596032_SP192964	I0000000043
17	915859	T	G	SA596044_SP192971	I0000000044
11	972026	C	T	SA596119_SP193063	I0000000045
12	974475	C	G	SA596044_SP192971	I0000000046
1	981319	G	A	SA596308_SP192902	I0000000047
9	990458	C	T	SA596074_SP192998	I0000000048
7	1012793	A	G	SA596057_SP192989	I0000000049
4	1017612	G	A	SA596378_SP192938	I0000000050
11	1024872	C	G	SA596183_SP193132	I0000000051
19	1058122	A	T	SA596122_SP193064	I0000000052
5	1075495	T	A	SA596092_SP193042	I0000000053
10	1094075	A	T	SA596107_SP193047	I0000000054
6	1102204	G	T	SA596094_SP193044	I0000000055
19	1110787	G	C	SA596308_SP192902	I0000000056
16	1116319	G	A	SA596154_SP193097	I0000000057
7	1131378	C	T	SA596308_SP192902	I0000000058
1	1133139	C	A	SA596194_SP193148	I0000000059
1	1154048	C	T	SA596074_SP192998	I0000000060
19	1207203	G	A	SA596348_SP192925	I0000000061
4	1207289	C	T	SA596298_SP192894	I0000000062
19	1222012	G	C	SA596350_SP192928	I0000000063
10	1230897	C	G	SA596348_SP192925	I0000000064
1	1235558	T	G	SA596350_SP192928	I0000000065
1	1250849	G	C	SA596143_SP193092	I0000000066
16	1262088	C	T	SA596336_SP192916	I0000000067
1	1268054	G	A	SA596074_SP192998	I0000000068
16	1270073	G	T	SA596143_SP193092	I0000000069
19	1271074	G	C	SA596194_SP193148	I0000000070
20	1276949	A	C	SA596044_SP192971	I0000000071
20	1276949	A	C	SA596079_SP193011	I0000000072
1	1277775	G	A	SA596298_SP192894	I0000000073
20	1286592	T	G	SA596150_SP193095	I0000000074
5	1363995	C	T	SA596308_SP192902	I0000000075
17	1382844	G	C	SA596308_SP192902	I0000000076
16	1384756	C	T	SA596308_SP192902	I0000000077
16	1392810	G	C	SA596194_SP193148	I0000000078
16	1392859	G	C	SA596194_SP193148	I0000000079
16	1394469	G	C	SA596194_SP193148	I0000000080
1	1396238	G	T	SA596374_SP192934	I0000000081
10	1405542	C	T	SA596032_SP192964	I0000000082
5	1411360	C	T	SA596032_SP192964	I0000000083
10	1421326	C	T	SA596308_SP192902	I0000000084
1	1452551	G	A	SA596287_SP192889	I0000000085
1	1452551	G	A	SA596305_SP192899	I0000000086
1	1452566	G	A	SA596287_SP192889	I0000000087
1	1452566	G	A	SA596070_SP192991	I0000000088
2	1457562	C	T	SA596361_SP192930	I0000000089
5	1470900	G	A	SA596308_SP192902	I0000000090
11	1472529	G	A	SA596308_SP192902	I0000000091
11	1481709	G	T	SA596281_SP192885	I0000000092
11	1481709	G	T	SA596339_SP192919	I0000000093
16	1487876	G	T	SA596070_SP192991	I0000000094
19	1495277	C	T	SA596308_SP192902	I0000000095
12	1517360	C	A	SA596143_SP193092	I0000000096
16	1537960	G	A	SA596094_SP193044	I0000000097
1	1559166	C	G	SA596150_SP193095	I0000000098
1	1560856	T	C	SA596163_SP193110	I0000000099
1	1562150	A	C	SA596350_SP192928	I0000000100
1	1563777	G	A	SA596305_SP192899	I0000000101
7	1574250	G	T	SA596180_SP193125	I0000000102
11	1576464	G	T	SA596052_SP192979	I0000000103
1	1581558	C	T	SA596287_SP192889	I0000000104
11	1606129	A	C	SA596315_SP192906	I0000000105
20	1616904	G	A	SA596119_SP193063	I0000000106
8	1626680	G	C	SA596079_SP193011	I0000000107
1	1646657	T	C	SA596346_SP192922	I0000000108
11	1651643	C	T	SA596361_SP192930	I0000000109
11	1651643	C	T	SA596163_SP193110	I0000000110
1	1663851	G	C	SA596308_SP192902	I0000000111
1	1663861	G	A	SA596308_SP192902	I0000000112
19	1796833	A	C	SA596339_SP192919	I0000000113
16	1815147	A	G	SA596339_SP192919	I0000000114
17	1840672	C	T	SA596044_SP192971	I0000000115
1	1848349	T	G	SA596163_SP193110	I0000000116
1	1848362	T	G	SA596163_SP193110	I0000000117
11	1853121	C	T	SA596308_SP192902	I0000000118
1	1858249	G	A	SA596110_SP193053	I0000000119
5	1878961	C	T	SA596092_SP193042	I0000000120
16	1912021	T	G	SA596308_SP192902	I0000000121
1	1916826	C	T	SA596281_SP192885	I0000000122
12	1943491	G	T	SA596348_SP192925	I0000000123
11	1946397	G	A	SA596287_SP192889	I0000000124
2	1946646	A	C	SA596308_SP192902	I0000000125
11	1956050	C	T	SA596044_SP192971	I0000000126
16	1962024	G	A	SA596308_SP192902	I0000000127
2	1983395	C	T	SA596308_SP192902	I0000000128
12	1984416	C	T	SA596308_SP192902	I0000000129
4	1987566	G	A	SA596134_SP193076	I0000000130
8	2027633	C	G	SA596308_SP192902	I0000000131
8	2040298	C	T	SA596308_SP192902	I0000000132
4	2043725	C	T	SA596308_SP192902	I0000000133
7	2054268	C	T	SA596128_SP193068	I0000000134
7	2119358	C	A	SA596361_SP192930	I0000000135
16	2136789	G	A	SA596032_SP192964	I0000000136
1	2160736	C	T	SA596122_SP193064	I0000000137
16	2284918	C	G	SA596143_SP193092	I0000000138
4	2307170	G	A	SA596348_SP192925	I0000000139
4	2321868	T	C	SA596074_SP192998	I0000000140
4	2321868	T	C	SA596163_SP193110	I0000000141
4	2321874	A	C	SA596044_SP192971	I0000000142
19	2340522	G	T	SA596087_SP193022	I0000000143
20	2464065	C	T	SA596378_SP192938	I0000000144
7	2472782	G	C	SA596108_SP193050	I0000000145
16	2522868	G	C	SA596308_SP192902	I0000000146
20	2542586	G	C	SA596308_SP192902	I0000000147
18	2552886	G	A	SA596374_SP192934	I0000000148
16	2569257	G	A	SA596043_SP192969	I0000000149
7	2578352	C	T	SA596350_SP192928	I0000000150
17	2598124	A	C	SA596032_SP192964	I0000000151
4	2632760	C	T	SA596308_SP192902	I0000000152
7	2636689	C	T	SA596308_SP192902	I0000000153
9	2643335	C	T	SA596308_SP192902	I0000000154
9	2643759	T	G	SA596134_SP193076	I0000000155
20	2686575	G	A	SA596308_SP192902	I0000000156
1	2706099	C	T	SA596336_SP192916	I0000000157
7	2740271	G	A	SA596158_SP193103	I0000000158
18	2740714	A	G	SA596374_SP192934	I0000000159
12	2742866	C	T	SA596192_SP193143	I0000000160
16	2748063	C	T	SA596308_SP192902	I0000000161
16	2762611	C	A	SA596052_SP192979	I0000000162
7	2773173	C	G	SA596094_SP193044	I0000000163
20	2776527	G	A	SA596128_SP193068	I0000000164
X	2779654	C	T	SA596055_SP192984	I0000000165
12	2794921	G	A	SA596180_SP193125	I0000000166
12	2794937	C	T	SA596287_SP192889	I0000000167
12	2794937	C	T	SA596119_SP193063	I0000000168
12	2794937	C	T	SA596122_SP193064	I0000000169
12	2794937	C	T	SA596143_SP193092	I0000000170
12	2794937	C	T	SA596183_SP193132	I0000000171
12	2795019	C	T	SA596336_SP192916	I0000000172
12	2795043	C	T	SA596336_SP192916	I0000000173
7	2802284	A	T	SA596350_SP192928	I0000000174
9	2804393	A	G	SA596308_SP192902	I0000000175
16	2816434	C	T	SA596044_SP192971	I0000000176
20	2821425	A	T	SA596336_SP192916	I0000000177
9	2831372	A	T	SA596374_SP192934	I0000000178
9	2838507	T	A	SA596374_SP192934	I0000000179
19	2896808	C	T	SA596134_SP193076	I0000000180
12	2926381	A	T	SA596052_SP192979	I0000000181
17	2929290	C	A	SA596308_SP192902	I0000000182
4	2930177	C	T	SA596183_SP193132	I0000000183
7	2976860	G	A	SA596119_SP193063	I0000000184
19	2997897	G	A	SA596374_SP192934	I0000000185
16	3021331	C	T	SA596298_SP192894	I0000000186
11	3047981	A	T	SA596287_SP192889	I0000000187
19	3062857	T	C	SA596308_SP192902	I0000000188
6	3077020	A	G	SA596308_SP192902	I0000000189
3	3084147	A	G	SA596308_SP192902	I0000000190
20	3145506	T	G	SA596052_SP192979	I0000000191
19	3178943	G	T	SA596119_SP193063	I0000000192
X	3189954	C	A	SA596043_SP192969	I0000000193
10	3202059	C	T	SA596138_SP193086	I0000000194
17	3214209	T	A	SA596150_SP193095	I0000000195
20	3214581	C	T	SA596374_SP192934	I0000000196
8	3216774	C	T	SA596378_SP192938	I0000000197
4	3235089	G	A	SA596308_SP192902	I0000000198
4	3237271	G	C	SA596308_SP192902	I0000000199
9	3293238	A	T	SA596052_SP192979	I0000000200
16	3299686	G	A	SA596378_SP192938	I0000000201
9	3301651	C	G	SA596183_SP193132	I0000000202
1	3312890	G	T	SA596055_SP192984	I0000000203
4	3319553	C	T	SA596308_SP192902	I0000000204
17	3343519	T	C	SA596308_SP192902	I0000000205
1	3348571	C	T	SA596055_SP192984	I0000000206
4	3430324	A	T	SA596138_SP193086	I0000000207
4	3446091	G	T	SA596308_SP192902	I0000000208
16	3452022	G	C	SA596308_SP192902	I0000000209
17	3558534	G	A	SA596110_SP193053	I0000000210
20	3565354	G	A	SA596143_SP193092	I0000000211
17	3566978	G	C	SA596044_SP192971	I0000000212
17	3567004	G	C	SA596044_SP192971	I0000000213
20	3581749	G	A	SA596087_SP193022	I0000000214
19	3586880	C	A	SA596138_SP193086	I0000000215
16	3594180	G	A	SA596110_SP193053	I0000000216
16	3614718	C	T	SA596087_SP193022	I0000000217
19	3623571	G	A	SA596183_SP193132	I0000000218
17	3635768	A	C	SA596308_SP192902	I0000000219
20	3731622	C	T	SA596308_SP192902	I0000000220
20	3778316	G	T	SA596165_SP193115	I0000000221
16	3779843	C	T	SA596183_SP193132	I0000000222
1	3809423	G	A	SA596308_SP192902	I0000000223
11	3819058	C	G	SA596052_SP192979	I0000000224
20	3869922	C	A	SA596308_SP192902	I0000000225
7	3990551	A	C	SA596158_SP193103	I0000000226
17	3999199	C	T	SA596374_SP192934	I0000000227
7	4008946	C	T	SA596163_SP193110	I0000000228
19	4101230	G	A	SA596194_SP193148	I0000000229
11	4185490	C	A	SA596043_SP192969	I0000000230
7	4201449	G	A	SA596044_SP192971	I0000000231
20	4229218	G	A	SA596374_SP192934	I0000000232
4	4303748	A	T	SA596138_SP193086	I0000000233
19	4355035	A	G	SA596143_SP193092	I0000000234
19	4365587	A	G	SA596143_SP193092	I0000000235
17	4497084	G	T	SA596308_SP192902	I0000000236
19	4511140	C	G	SA596308_SP192902	I0000000237
17	4520288	T	G	SA596143_SP193092	I0000000238
17	4535413	T	C	SA596308_SP192902	I0000000239
17	4578086	G	A	SA596305_SP192899	I0000000240
17	4623850	A	C	SA596055_SP192984	I0000000241
17	4623879	A	C	SA596165_SP193115	I0000000242
11	4660982	T	C	SA596143_SP193092	I0000000243
11	4703321	G	A	SA596308_SP192902	I0000000244
9	4722462	C	A	SA596308_SP192902	I0000000245
17	4725029	G	A	SA596194_SP193148	I0000000246
7	4796622	C	T	SA596052_SP192979	I0000000247
7	4855902	G	A	SA596094_SP193044	I0000000248
19	4859665	G	A	SA596374_SP192934	I0000000249
17	4918129	G	C	SA596044_SP192971	I0000000250
17	5037195	G	A	SA596287_SP192889	I0000000251
17	5037195	G	A	SA596346_SP192922	I0000000252
17	5037195	G	A	SA596378_SP192938	I0000000253
17	5037195	G	A	SA596194_SP193148	I0000000254
9	5081780	G	A	SA596308_SP192902	I0000000255
9	5163966	C	T	SA596346_SP192922	I0000000256
11	5173149	C	T	SA596183_SP193132	I0000000257
10	5196482	G	A	SA596305_SP192899	I0000000258
5	5242218	G	T	SA596308_SP192902	I0000000259
5	5242228	C	T	SA596308_SP192902	I0000000260
11	5253939	G	A	SA596308_SP192902	I0000000261
11	5264347	C	A	SA596305_SP192899	I0000000262
18	5406911	C	T	SA596348_SP192925	I0000000263
6	5431265	A	T	SA596287_SP192889	I0000000264
6	5431960	A	G	SA596308_SP192902	I0000000265
11	5443668	C	A	SA596094_SP193044	I0000000266
11	5444353	T	C	SA596374_SP192934	I0000000267
12	5687665	G	A	SA596308_SP192902	I0000000268
19	5692052	C	T	SA596348_SP192925	I0000000269
12	5744559	G	T	SA596308_SP192902	I0000000270
4	5754544	T	C	SA596374_SP192934	I0000000271
10	5781627	T	A	SA596079_SP193011	I0000000272
10	5788372	C	G	SA596044_SP192971	I0000000273
4	5812646	G	A	SA596308_SP192902	I0000000274
19	5843822	T	C	SA596336_SP192916	I0000000275
19	5843844	T	G	SA596336_SP192916	I0000000276
11	5878447	A	G	SA596087_SP193022	I0000000277
11	5878458	G	A	SA596087_SP193022	I0000000278
18	5891394	G	A	SA596044_SP192971	I0000000279
20	5897063	T	A	SA596052_SP192979	I0000000280
12	5908567	G	C	SA596094_SP193044	I0000000281
9	5914034	G	A	SA596128_SP193068	I0000000282
1	5925255	G	A	SA596308_SP192902	I0000000283
4	6031469	G	A	SA596079_SP193011	I0000000284
4	6066679	C	T	SA596301_SP192897	I0000000285
4	6066780	C	T	SA596079_SP193011	I0000000286
12	6127535	T	G	SA596308_SP192902	I0000000287
12	6127535	T	G	SA596315_SP192906	I0000000288
12	6127640	A	G	SA596281_SP192885	I0000000289
12	6127640	A	G	SA596308_SP192902	I0000000290
12	6127658	A	G	SA596281_SP192885	I0000000291
12	6127658	A	G	SA596308_SP192902	I0000000292
12	6127658	A	G	SA596043_SP192969	I0000000293
1	6191601	C	G	SA596128_SP193068	I0000000294
6	6206767	G	T	SA596305_SP192899	I0000000295
11	6238960	C	A	SA596374_SP192934	I0000000296
19	6381607	C	T	SA596094_SP193044	I0000000297
12	6439470	A	G	SA596374_SP192934	I0000000298
11	6461433	C	T	SA596110_SP193053	I0000000299
9	6492284	C	G	SA596183_SP193132	I0000000300
10	6553013	C	T	SA596180_SP193125	I0000000301
11	6561270	A	G	SA596308_SP192902	I0000000302
11	6565905	G	C	SA596143_SP193092	I0000000303
11	6623299	G	A	SA596346_SP192922	I0000000304
12	6634792	C	A	SA596348_SP192925	I0000000305
11	6645267	C	T	SA596192_SP193143	I0000000306
11	6647931	C	T	SA596308_SP192902	I0000000307
11	6647978	C	T	SA596308_SP192902	I0000000308
11	6651433	G	A	SA596308_SP192902	I0000000309
11	6655433	G	A	SA596308_SP192902	I0000000310
12	6666120	T	C	SA596138_SP193086	I0000000311
12	6672879	C	G	SA596308_SP192902	I0000000312
19	6732129	C	T	SA596305_SP192899	I0000000313
12	6788651	G	C	SA596305_SP192899	I0000000314
18	6824800	C	G	SA596308_SP192902	I0000000315
9	6849538	A	G	SA596092_SP193042	I0000000316
12	6861043	T	C	SA596374_SP192934	I0000000317
18	6868227	A	G	SA596158_SP193103	I0000000318
11	6898493	C	T	SA596052_SP192979	I0000000319
11	6898848	G	C	SA596094_SP193044	I0000000320
12	6937907	C	T	SA596194_SP193148	I0000000321
12	6942990	G	C	SA596094_SP193044	I0000000322
X	6975813	G	A	SA596158_SP193103	I0000000323
12	6981730	G	A	SA596305_SP192899	I0000000324
11	7022681	T	A	SA596052_SP192979	I0000000325
X	7023773	C	T	SA596044_SP192971	I0000000326
12	7026307	G	C	SA596374_SP192934	I0000000327
2	7050404	G	C	SA596163_SP193110	I0000000328
11	7064875	C	T	SA596348_SP192925	I0000000329
9	7103816	C	T	SA596308_SP192902	I0000000330
17	7106156	G	A	SA596163_SP193110	I0000000331
17	7130885	C	T	SA596308_SP192902	I0000000332
1	7202288	A	G	SA596119_SP193063	I0000000333
10	7205722	G	A	SA596094_SP193044	I0000000334
12	7249368	G	A	SA596052_SP192979	I0000000335
12	7303206	C	T	SA596055_SP192984	I0000000336
17	7319320	G	A	SA596163_SP193110	I0000000337
17	7345144	C	G	SA596183_SP193132	I0000000338
17	7401396	G	A	SA596346_SP192922	I0000000339
17	7401467	G	A	SA596346_SP192922	I0000000340
4	7434988	A	G	SA596308_SP192902	I0000000341
17	7454234	C	T	SA596308_SP192902	I0000000342
19	7509139	G	A	SA596165_SP193115	I0000000343
17	7577551	C	A	SA596044_SP192971	I0000000344
17	7578190	T	C	SA596183_SP193132	I0000000345
17	7578253	C	A	SA596119_SP193063	I0000000346
17	7578271	T	C	SA596094_SP193044	I0000000347
17	7578406	C	T	SA596150_SP193095	I0000000348
17	7578437	G	A	SA596032_SP192964	I0000000349
17	7578525	G	C	SA596190_SP193138	I0000000350
11	7662146	C	A	SA596183_SP193132	I0000000351
11	7693683	T	C	SA596143_SP193092	I0000000352
17	7700447	A	G	SA596165_SP193115	I0000000353
19	7710028	A	T	SA596087_SP193022	I0000000354
11	7710841	T	A	SA596301_SP192897	I0000000355
8	7717861	C	G	SA596044_SP192971	I0000000356
8	7717861	C	G	SA596143_SP193092	I0000000357
4	7742011	T	G	SA596044_SP192971	I0000000358
11	7794756	G	T	SA596052_SP192979	I0000000359
17	7819034	C	T	SA596143_SP193092	I0000000360
1	7831352	C	A	SA596308_SP192902	I0000000361
5	7835685	G	T	SA596308_SP192902	I0000000362
17	7838346	C	G	SA596143_SP193092	I0000000363
5	7867479	T	C	SA596336_SP192916	I0000000364
4	7873703	G	C	SA596305_SP192899	I0000000365
11	7982058	C	A	SA596361_SP192930	I0000000366
4	8022231	G	A	SA596308_SP192902	I0000000367
17	8025787	T	G	SA596044_SP192971	I0000000368
4	8031351	T	G	SA596281_SP192885	I0000000369
7	8043526	C	T	SA596308_SP192902	I0000000370
1	8044905	T	C	SA596374_SP192934	I0000000371
10	8051228	G	A	SA596128_SP193068	I0000000372
17	8108339	G	A	SA596336_SP192916	I0000000373
10	8111562	G	T	SA596134_SP193076	I0000000374
17	8135284	C	G	SA596044_SP192971	I0000000375
17	8285586	G	A	SA596122_SP193064	I0000000376
9	8317811	T	G	SA596052_SP192979	I0000000377
9	8317812	C	A	SA596052_SP192979	I0000000378
17	8339283	C	T	SA596374_SP192934	I0000000379
19	8389868	G	C	SA596305_SP192899	I0000000380
9	8451785	C	T	SA596044_SP192971	I0000000381
19	8464738	C	G	SA596305_SP192899	I0000000382
19	8551951	A	G	SA596032_SP192964	I0000000383
17	8647052	T	G	SA596165_SP193115	I0000000384
11	8736977	A	G	SA596055_SP192984	I0000000385
16	8740202	G	C	SA596305_SP192899	I0000000386
11	8751802	C	T	SA596192_SP193143	I0000000387
12	8757416	C	T	SA596374_SP192934	I0000000388
18	8777828	C	T	SA596305_SP192899	I0000000389
18	8786130	T	C	SA596107_SP193047	I0000000390
18	8819090	G	A	SA596350_SP192928	I0000000391
18	8821522	G	C	SA596094_SP193044	I0000000392
2	8871342	C	A	SA596374_SP192934	I0000000393
12	9021187	A	G	SA596378_SP192938	I0000000394
5	9063074	C	T	SA596087_SP193022	I0000000395
19	9074950	G	T	SA596308_SP192902	I0000000396
17	9086561	C	A	SA596094_SP193044	I0000000397
12	9087063	G	A	SA596305_SP192899	I0000000398
12	9162146	C	T	SA596158_SP193103	I0000000399
12	9246234	A	T	SA596092_SP193042	I0000000400
11	9308135	T	A	SA596143_SP193092	I0000000401
12	9313626	C	G	SA596308_SP192902	I0000000402
12	9313649	C	G	SA596308_SP192902	I0000000403
20	9424904	C	A	SA596374_SP192934	I0000000404
3	9425930	C	G	SA596150_SP193095	I0000000405
3	9425944	G	C	SA596374_SP192934	I0000000406
19	9435313	T	C	SA596150_SP193095	I0000000407
12	9465529	C	T	SA596180_SP193125	I0000000408
3	9490282	C	G	SA596044_SP192971	I0000000409
11	9537904	G	C	SA596374_SP192934	I0000000410
2	9599651	G	C	SA596183_SP193132	I0000000411
5	9629328	G	A	SA596128_SP193068	I0000000412
5	9629747	G	C	SA596119_SP193063	I0000000413
5	9629813	C	T	SA596308_SP192902	I0000000414
12	9713413	A	G	SA596094_SP193044	I0000000415
12	9713438	T	C	SA596044_SP192971	I0000000416
12	9715572	C	T	SA596183_SP193132	I0000000417
11	9725041	C	T	SA596301_SP192897	I0000000418
3	9776176	G	T	SA596108_SP193050	I0000000419
1	9780813	G	A	SA596305_SP192899	I0000000420
4	9783650	C	T	SA596361_SP192930	I0000000421
1	9784423	C	T	SA596350_SP192928	I0000000422
11	9817478	A	C	SA596044_SP192971	I0000000423
21	9825769	C	A	SA596298_SP192894	I0000000424
21	9825769	C	A	SA596158_SP193103	I0000000425
21	9825793	C	T	SA596315_SP192906	I0000000426
21	9825821	G	A	SA596305_SP192899	I0000000427
X	9864326	C	T	SA596346_SP192922	I0000000428
19	9868170	T	A	SA596074_SP192998	I0000000429
11	9878238	C	T	SA596094_SP193044	I0000000430
18	9888018	G	C	SA596305_SP192899	I0000000431
21	9909273	C	T	SA596315_SP192906	I0000000432
19	9940551	G	A	SA596308_SP192902	I0000000433
19	10080359	C	G	SA596143_SP193092	I0000000434
19	10090649	A	G	SA596163_SP193110	I0000000435
3	10132074	G	C	SA596134_SP193076	I0000000436
X	10188768	C	T	SA596287_SP192889	I0000000437
19	10204423	G	A	SA596087_SP193022	I0000000438
19	10224746	G	A	SA596308_SP192902	I0000000439
5	10256026	T	A	SA596092_SP193042	I0000000440
17	10258144	C	T	SA596052_SP192979	I0000000441
2	10262694	G	C	SA596044_SP192971	I0000000442
19	10270592	G	A	SA596057_SP192989	I0000000443
19	10270719	C	T	SA596350_SP192928	I0000000444
19	10334653	A	C	SA596090_SP193024	I0000000445
3	10387059	C	A	SA596308_SP192902	I0000000446
3	10396850	C	T	SA596119_SP193063	I0000000447
19	10403901	G	A	SA596348_SP192925	I0000000448
17	10411671	G	C	SA596194_SP193148	I0000000449
5	10417469	C	T	SA596308_SP192902	I0000000450
5	10417471	C	T	SA596308_SP192902	I0000000451
19	10426681	T	C	SA596032_SP192964	I0000000452
19	10439298	A	G	SA596070_SP192991	I0000000453
4	10447976	C	T	SA596308_SP192902	I0000000454
8	10467652	G	C	SA596308_SP192902	I0000000455
1	10477609	C	T	SA596043_SP192969	I0000000456
12	10603790	T	C	SA596308_SP192902	I0000000457
19	10624607	T	C	SA596324_SP192910	I0000000458
19	10679265	T	C	SA596094_SP193044	I0000000459
18	10744108	G	A	SA596308_SP192902	I0000000460
16	10855542	C	T	SA596108_SP193050	I0000000461
21	10906964	C	T	SA596154_SP193097	I0000000462
16	10992600	G	A	SA596348_SP192925	I0000000463
6	11000266	C	G	SA596308_SP192902	I0000000464
16	11004048	G	A	SA596308_SP192902	I0000000465
1	11008497	G	C	SA596308_SP192902	I0000000466
1	11024353	A	G	SA596308_SP192902	I0000000467
21	11027055	A	C	SA596119_SP193063	I0000000468
16	11038714	C	A	SA596052_SP192979	I0000000469
21	11059852	G	A	SA596287_SP192889	I0000000470
21	11059861	T	G	SA596339_SP192919	I0000000471
21	11059861	T	G	SA596361_SP192930	I0000000472
21	11059861	T	G	SA596119_SP193063	I0000000473
21	11059861	T	G	SA596128_SP193068	I0000000474
21	11059861	T	G	SA596183_SP193132	I0000000475
21	11059897	A	G	SA596287_SP192889	I0000000476
21	11059897	A	G	SA596324_SP192910	I0000000477
21	11059897	A	G	SA596134_SP193076	I0000000478
1	11077053	C	A	SA596074_SP192998	I0000000479
19	11098422	G	A	SA596192_SP193143	I0000000480
1	11115117	G	T	SA596346_SP192922	I0000000481
1	11133956	A	G	SA596346_SP192922	I0000000482
1	11133956	A	G	SA596094_SP193044	I0000000483
1	11133956	A	G	SA596122_SP193064	I0000000484
1	11158143	T	C	SA596308_SP192902	I0000000485
12	11174375	T	A	SA596361_SP192930	I0000000486
8	11188922	T	C	SA596055_SP192984	I0000000487
19	11201462	C	G	SA596308_SP192902	I0000000488
19	11230872	G	C	SA596052_SP192979	I0000000489
6	11232651	G	C	SA596305_SP192899	I0000000490
19	11277232	G	A	SA596308_SP192902	I0000000491
19	11280699	G	A	SA596374_SP192934	I0000000492
3	11302003	G	A	SA596143_SP193092	I0000000493
2	11354955	G	A	SA596350_SP192928	I0000000494
4	11400981	C	T	SA596346_SP192922	I0000000495
4	11401208	C	T	SA596094_SP193044	I0000000496
7	11416194	C	T	SA596305_SP192899	I0000000497
12	11461549	G	C	SA596087_SP193022	I0000000498
12	11461553	T	C	SA596087_SP193022	I0000000499
12	11461769	G	T	SA596138_SP193086	I0000000500
12	11461860	A	G	SA596138_SP193086	I0000000501
12	11461860	A	G	SA596183_SP193132	I0000000502
10	11505042	G	A	SA596158_SP193103	I0000000503
19	11526765	G	T	SA596134_SP193076	I0000000504
16	11554301	C	G	SA596374_SP192934	I0000000505
19	11567891	A	G	SA596074_SP192998	I0000000506
19	11567896	T	G	SA596057_SP192989	I0000000507
19	11606795	G	C	SA596183_SP193132	I0000000508
19	11660301	G	A	SA596287_SP192889	I0000000509
17	11783335	G	T	SA596150_SP193095	I0000000510
18	11999038	G	A	SA596308_SP192902	I0000000511
6	12015868	C	T	SA596032_SP192964	I0000000512
16	12021329	T	C	SA596043_SP192969	I0000000513
18	12122470	C	T	SA596350_SP192928	I0000000514
18	12122470	C	T	SA596074_SP192998	I0000000515
6	12123103	G	A	SA596138_SP193086	I0000000516
10	12130985	C	T	SA596052_SP192979	I0000000517
16	12183686	C	T	SA596308_SP192902	I0000000518
16	12229416	G	A	SA596374_SP192934	I0000000519
19	12494486	C	G	SA596094_SP193044	I0000000520
11	12539163	G	A	SA596305_SP192899	I0000000521
19	12576000	G	A	SA596308_SP192902	I0000000522
7	12617088	C	T	SA596138_SP193086	I0000000523
16	12621112	C	T	SA596070_SP192991	I0000000524
12	12630318	G	A	SA596134_SP193076	I0000000525
17	12649386	G	A	SA596044_SP192971	I0000000526
18	12657646	G	T	SA596301_SP192897	I0000000527
X	12734604	G	C	SA596308_SP192902	I0000000528
X	12735877	G	A	SA596192_SP193143	I0000000529
16	12758835	C	T	SA596163_SP193110	I0000000530
19	12760770	G	A	SA596128_SP193068	I0000000531
1	12785414	C	T	SA596165_SP193115	I0000000532
12	12871070	C	G	SA596143_SP193092	I0000000533
19	12910809	G	C	SA596134_SP193076	I0000000534
1	12919847	G	T	SA596110_SP193053	I0000000535
17	12920465	T	A	SA596163_SP193110	I0000000536
18	12955537	G	C	SA596308_SP192902	I0000000537
19	12996189	A	G	SA596094_SP193044	I0000000538
9	13110767	C	T	SA596308_SP192902	I0000000539
12	13153397	G	C	SA596092_SP193042	I0000000540
19	13260240	A	G	SA596190_SP193138	I0000000541
19	13260240	A	G	SA596192_SP193143	I0000000542
19	13325091	G	A	SA596074_SP192998	I0000000543
8	13356787	C	T	SA596074_SP192998	I0000000544
8	13425359	C	A	SA596308_SP192902	I0000000545
3	13612311	T	C	SA596043_SP192969	I0000000546
3	13612726	G	T	SA596183_SP193132	I0000000547
10	13698776	G	A	SA596308_SP192902	I0000000548
12	13716638	G	A	SA596374_SP192934	I0000000549
X	13764675	C	T	SA596158_SP193103	I0000000550
5	13841927	T	G	SA596119_SP193063	I0000000551
20	13865993	G	A	SA596052_SP192979	I0000000552
19	13900981	G	A	SA596308_SP192902	I0000000553
11	14063258	C	A	SA596150_SP193095	I0000000554
17	14080573	G	A	SA596374_SP192934	I0000000555
19	14091543	T	C	SA596128_SP193068	I0000000556
11	14246336	G	A	SA596374_SP192934	I0000000557
16	14355058	G	C	SA596052_SP192979	I0000000558
11	14501267	G	A	SA596052_SP192979	I0000000559
19	14569154	G	A	SA596094_SP193044	I0000000560
16	14724013	C	A	SA596052_SP192979	I0000000561
9	14737488	T	A	SA596287_SP192889	I0000000562
3	14744665	C	A	SA596165_SP193115	I0000000563
21	14756794	G	A	SA596308_SP192902	I0000000564
11	14865416	T	C	SA596092_SP193042	I0000000565
19	14938742	G	A	SA596305_SP192899	I0000000566
10	14939198	A	C	SA596143_SP193092	I0000000567
18	15004510	A	G	SA596324_SP192910	I0000000568
18	15004510	A	G	SA596336_SP192916	I0000000569
18	15004510	A	G	SA596055_SP192984	I0000000570
18	15004510	A	G	SA596090_SP193024	I0000000571
18	15004510	A	G	SA596128_SP193068	I0000000572
16	15069080	C	G	SA596324_SP192910	I0000000573
19	15132718	C	T	SA596134_SP193076	I0000000574
9	15203796	G	A	SA596308_SP192902	I0000000575
6	15246869	G	A	SA596165_SP193115	I0000000576
10	15256166	C	G	SA596305_SP192899	I0000000577
3	15301363	G	A	SA596374_SP192934	I0000000578
21	15374383	G	A	SA596110_SP193053	I0000000579
21	15374385	G	A	SA596052_SP192979	I0000000580
21	15374385	G	A	SA596138_SP193086	I0000000581
7	15405890	T	A	SA596044_SP192971	I0000000582
7	15470757	G	A	SA596165_SP193115	I0000000583
3	15493126	G	A	SA596074_SP192998	I0000000584
17	15508521	T	C	SA596324_SP192910	I0000000585
2	15519969	G	A	SA596308_SP192902	I0000000586
21	15524921	C	T	SA596107_SP193047	I0000000587
17	15526783	T	G	SA596339_SP192919	I0000000588
17	15603114	G	T	SA596301_SP192897	I0000000589
4	15628514	G	A	SA596079_SP193011	I0000000590
17	15640806	A	C	SA596154_SP193097	I0000000591
17	15640815	A	G	SA596107_SP193047	I0000000592
17	15641610	A	G	SA596094_SP193044	I0000000593
21	15652069	A	G	SA596094_SP193044	I0000000594
16	15680642	C	T	SA596308_SP192902	I0000000595
12	15733724	C	T	SA596158_SP193103	I0000000596
2	15760364	C	T	SA596308_SP192902	I0000000597
2	15760370	A	G	SA596308_SP192902	I0000000598
19	15769119	G	C	SA596305_SP192899	I0000000599
19	15918678	G	A	SA596070_SP192991	I0000000600
8	15967582	A	C	SA596308_SP192902	I0000000601
17	15973633	G	A	SA596287_SP192889	I0000000602
19	15989696	G	C	SA596107_SP193047	I0000000603
19	15989730	T	C	SA596287_SP192889	I0000000604
19	15989730	T	C	SA596336_SP192916	I0000000605
2	16082962	C	A	SA596052_SP192979	I0000000606
6	16129610	G	A	SA596158_SP193103	I0000000607
19	16131533	G	C	SA596074_SP192998	I0000000608
1	16134114	T	C	SA596092_SP193042	I0000000609
17	16137239	A	T	SA596090_SP193024	I0000000610
22	16157913	T	G	SA596107_SP193047	I0000000611
X	16188566	G	C	SA596305_SP192899	I0000000612
1	16255699	T	C	SA596052_SP192979	I0000000613
1	16255745	A	T	SA596287_SP192889	I0000000614
1	16264382	G	T	SA596052_SP192979	I0000000615
1	16302549	G	A	SA596194_SP193148	I0000000616
4	16504879	T	A	SA596192_SP193143	I0000000617
7	16566645	C	G	SA596308_SP192902	I0000000618
3	16635214	T	A	SA596092_SP193042	I0000000619
X	16709647	A	T	SA596052_SP192979	I0000000620
17	16734855	C	T	SA596055_SP192984	I0000000621
19	16766121	G	C	SA596150_SP193095	I0000000622
7	16823117	T	G	SA596308_SP192902	I0000000623
10	16859054	C	T	SA596190_SP193138	I0000000624
7	16872913	G	A	SA596308_SP192902	I0000000625
1	16946438	G	C	SA596052_SP192979	I0000000626
1	16948509	C	T	SA596108_SP193050	I0000000627
1	16950470	C	T	SA596308_SP192902	I0000000628
19	17003789	T	G	SA596308_SP192902	I0000000629
19	17025187	C	T	SA596308_SP192902	I0000000630
1	17029234	T	A	SA596361_SP192930	I0000000631
1	17033900	C	T	SA596094_SP193044	I0000000632
1	17034167	G	A	SA596346_SP192922	I0000000633
1	17034167	G	A	SA596110_SP193053	I0000000634
1	17044662	G	C	SA596119_SP193063	I0000000635
1	17044695	A	G	SA596070_SP192991	I0000000636
19	17068621	C	G	SA596374_SP192934	I0000000637
8	17074640	C	G	SA596308_SP192902	I0000000638
1	17085779	C	A	SA596298_SP192894	I0000000639
1	17085795	G	T	SA596287_SP192889	I0000000640
1	17085795	G	T	SA596079_SP193011	I0000000641
1	17085795	G	T	SA596138_SP193086	I0000000642
1	17085795	G	T	SA596165_SP193115	I0000000643
1	17086217	C	G	SA596301_SP192897	I0000000644
17	17118604	C	T	SA596180_SP193125	I0000000645
8	17142139	G	A	SA596348_SP192925	I0000000646
1	17263277	G	A	SA596134_SP193076	I0000000647
1	17266536	G	C	SA596361_SP192930	I0000000648
1	17280821	G	C	SA596308_SP192902	I0000000649
1	17280821	G	C	SA596315_SP192906	I0000000650
7	17379151	G	A	SA596305_SP192899	I0000000651
1	17395743	C	G	SA596079_SP193011	I0000000652
19	17397501	T	G	SA596138_SP193086	I0000000653
19	17397572	A	C	SA596074_SP192998	I0000000654
11	17408467	C	G	SA596305_SP192899	I0000000655
11	17449459	C	A	SA596092_SP193042	I0000000656
22	17469049	C	A	SA596055_SP192984	I0000000657
8	17554811	G	A	SA596057_SP192989	I0000000658
22	17588577	T	C	SA596052_SP192979	I0000000659
20	17605137	C	A	SA596044_SP192971	I0000000660
11	17635243	C	T	SA596308_SP192902	I0000000661
11	17663742	G	C	SA596308_SP192902	I0000000662
17	17682282	G	A	SA596122_SP193064	I0000000663
22	17688063	C	T	SA596305_SP192899	I0000000664
17	17712703	G	T	SA596305_SP192899	I0000000665
17	17720779	G	T	SA596150_SP193095	I0000000666
X	17746786	G	A	SA596308_SP192902	I0000000667
8	17752993	C	G	SA596044_SP192971	I0000000668
19	17774321	C	T	SA596074_SP192998	I0000000669
19	17774325	C	T	SA596074_SP192998	I0000000670
9	17787384	C	A	SA596346_SP192922	I0000000671
X	17819489	T	G	SA596163_SP193110	I0000000672
17	17897675	G	C	SA596143_SP193092	I0000000673
1	17952476	G	C	SA596308_SP192902	I0000000674
1	18016340	C	G	SA596044_SP192971	I0000000675
17	18034786	G	A	SA596154_SP193097	I0000000676
7	18066820	G	A	SA596090_SP193024	I0000000677
22	18102152	C	G	SA596143_SP193092	I0000000678
19	18121410	G	A	SA596107_SP193047	I0000000679
1	18149566	C	A	SA596308_SP192902	I0000000680
17	18150283	C	T	SA596339_SP192919	I0000000681
11	18210501	C	A	SA596052_SP192979	I0000000682
17	18221455	C	A	SA596183_SP193132	I0000000683
17	18259262	C	T	SA596150_SP193095	I0000000684
6	18264210	G	A	SA596308_SP192902	I0000000685
19	18306990	G	C	SA596374_SP192934	I0000000686
17	18314962	T	C	SA596138_SP193086	I0000000687
11	18317577	G	A	SA596138_SP193086	I0000000688
11	18322545	G	T	SA596308_SP192902	I0000000689
22	18355586	G	T	SA596119_SP193063	I0000000690
19	18369120	G	A	SA596374_SP192934	I0000000691
3	18459188	A	G	SA596308_SP192902	I0000000692
20	18462243	C	T	SA596044_SP192971	I0000000693
19	18506963	C	A	SA596281_SP192885	I0000000694
X	18593583	G	T	SA596180_SP193125	I0000000695
17	18647674	C	A	SA596180_SP193125	I0000000696
19	18710420	C	T	SA596194_SP193148	I0000000697
11	18722553	C	T	SA596305_SP192899	I0000000698
11	18735396	G	T	SA596374_SP192934	I0000000699
2	18745039	C	T	SA596308_SP192902	I0000000700
X	18767881	A	C	SA596165_SP193115	I0000000701
X	18767937	A	T	SA596350_SP192928	I0000000702
16	18860715	G	A	SA596308_SP192902	I0000000703
16	18863672	A	G	SA596143_SP193092	I0000000704
7	18868819	C	T	SA596055_SP192984	I0000000705
19	18885603	G	A	SA596287_SP192889	I0000000706
22	18905842	C	T	SA596070_SP192991	I0000000707
21	18915369	G	A	SA596052_SP192979	I0000000708
21	18931210	G	A	SA596298_SP192894	I0000000709
11	18978607	G	T	SA596032_SP192964	I0000000710
X	19024396	G	A	SA596055_SP192984	I0000000711
22	19029475	G	A	SA596308_SP192902	I0000000712
19	19030112	C	T	SA596165_SP193115	I0000000713
X	19042061	G	A	SA596308_SP192902	I0000000714
9	19123362	G	C	SA596092_SP193042	I0000000715
19	19137042	T	A	SA596119_SP193063	I0000000716
16	19183972	G	T	SA596094_SP193044	I0000000717
22	19222151	G	A	SA596298_SP192894	I0000000718
19	19244100	C	G	SA596348_SP192925	I0000000719
18	19282404	C	G	SA596194_SP193148	I0000000720
19	19322918	G	T	SA596092_SP193042	I0000000721
9	19378484	A	G	SA596301_SP192897	I0000000722
X	19380976	A	T	SA596107_SP193047	I0000000723
19	19391162	G	A	SA596128_SP193068	I0000000724
22	19445771	T	C	SA596308_SP192902	I0000000725
10	19493227	A	T	SA596087_SP193022	I0000000726
16	19528403	C	T	SA596150_SP193095	I0000000727
17	19646374	C	T	SA596305_SP192899	I0000000728
1	19654196	A	T	SA596143_SP193092	I0000000729
19	19654452	C	A	SA596092_SP193042	I0000000730
12	19667672	A	G	SA596163_SP193110	I0000000731
1	19683236	T	A	SA596348_SP192925	I0000000732
X	19713832	G	T	SA596378_SP192938	I0000000733
16	19747523	T	C	SA596374_SP192934	I0000000734
13	19753575	A	G	SA596308_SP192902	I0000000735
21	19756091	C	A	SA596057_SP192989	I0000000736
16	19772739	T	C	SA596110_SP193053	I0000000737
13	19775753	G	A	SA596108_SP193050	I0000000738
7	19813156	G	T	SA596052_SP192979	I0000000739
22	19899004	C	T	SA596183_SP193132	I0000000740
20	19945658	T	C	SA596163_SP193110	I0000000741
13	19961981	G	A	SA596346_SP192922	I0000000742
13	19961981	G	A	SA596055_SP192984	I0000000743
13	19961981	G	A	SA596070_SP192991	I0000000744
13	19961981	G	A	SA596090_SP193024	I0000000745
22	20043532	G	T	SA596336_SP192916	I0000000746
13	20056680	C	T	SA596305_SP192899	I0000000747
22	20100938	A	C	SA596143_SP193092	I0000000748
22	20104370	A	C	SA596090_SP193024	I0000000749
3	20153234	A	T	SA596052_SP192979	I0000000750
17	20224794	A	G	SA596361_SP192930	I0000000751
22	20296829	C	T	SA596055_SP192984	I0000000752
20	20349294	C	T	SA596183_SP193132	I0000000753
16	20359699	C	T	SA596032_SP192964	I0000000754
22	20385733	A	G	SA596079_SP193011	I0000000755
22	20385733	A	G	SA596110_SP193053	I0000000756
22	20394630	C	A	SA596315_SP192906	I0000000757
7	20421460	C	T	SA596134_SP193076	I0000000758
17	20436125	A	G	SA596305_SP192899	I0000000759
14	20444588	T	C	SA596308_SP192902	I0000000760
20	20445841	A	T	SA596165_SP193115	I0000000761
15	20453914	A	G	SA596154_SP193097	I0000000762
15	20453992	T	C	SA596090_SP193024	I0000000763
17	20459506	A	G	SA596070_SP192991	I0000000764
17	20459506	A	G	SA596158_SP193103	I0000000765
15	20464778	A	G	SA596044_SP192971	I0000000766
2	20478401	A	G	SA596119_SP193063	I0000000767
16	20576172	A	T	SA596094_SP193044	I0000000768
16	20602182	G	A	SA596308_SP192902	I0000000769
16	20602182	G	A	SA596378_SP192938	I0000000770
16	20602182	G	A	SA596108_SP193050	I0000000771
11	20622951	C	G	SA596308_SP192902	I0000000772
11	20636262	C	G	SA596044_SP192971	I0000000773
14	20711302	G	T	SA596032_SP192964	I0000000774
7	20825188	G	A	SA596052_SP192979	I0000000775
7	20826452	T	G	SA596308_SP192902	I0000000776
19	20828508	T	C	SA596374_SP192934	I0000000777
16	20935365	G	C	SA596346_SP192922	I0000000778
19	20976614	C	T	SA596308_SP192902	I0000000779
19	20976742	A	G	SA596308_SP192902	I0000000780
9	20981684	G	T	SA596119_SP193063	I0000000781
16	20996745	C	T	SA596281_SP192885	I0000000782
9	21031613	A	G	SA596044_SP192971	I0000000783
16	21036019	C	T	SA596287_SP192889	I0000000784
14	21058607	C	G	SA596183_SP193132	I0000000785
22	21073055	G	C	SA596122_SP193064	I0000000786
18	21084332	C	T	SA596119_SP193063	I0000000787
22	21105963	G	A	SA596094_SP193044	I0000000788
17	21199051	T	C	SA596134_SP193076	I0000000789
17	21199051	T	C	SA596158_SP193103	I0000000790
17	21207697	G	A	SA596070_SP192991	I0000000791
2	21237429	G	A	SA596107_SP193047	I0000000792
11	21305815	A	G	SA596094_SP193044	I0000000793
1	21307743	A	T	SA596163_SP193110	I0000000794
1	21307743	A	T	SA596194_SP193148	I0000000795
22	21329939	C	G	SA596305_SP192899	I0000000796
9	21350787	G	C	SA596150_SP193095	I0000000797
16	21363492	A	G	SA596183_SP193132	I0000000798
22	21365743	G	A	SA596361_SP192930	I0000000799
22	21365744	G	T	SA596361_SP192930	I0000000800
16	21396873	G	T	SA596090_SP193024	I0000000801
14	21544731	G	A	SA596074_SP192998	I0000000802
13	21562373	G	A	SA596044_SP192971	I0000000803
19	21607766	G	A	SA596092_SP193042	I0000000804
X	21675549	G	A	SA596094_SP193044	I0000000805
16	21728341	G	A	SA596308_SP192902	I0000000806
14	21769193	C	A	SA596163_SP193110	I0000000807
7	21778449	C	T	SA596308_SP192902	I0000000808
7	21892206	G	C	SA596192_SP193143	I0000000809
1	21936123	C	G	SA596308_SP192902	I0000000810
1	21943960	G	A	SA596092_SP193042	I0000000811
4	21950175	C	G	SA596308_SP192902	I0000000812
13	21952907	C	A	SA596074_SP192998	I0000000813
8	22033815	G	T	SA596308_SP192902	I0000000814
1	22083103	T	A	SA596138_SP193086	I0000000815
14	22133789	C	T	SA596074_SP192998	I0000000816
16	22152876	C	G	SA596094_SP193044	I0000000817
16	22152951	C	T	SA596350_SP192928	I0000000818
7	22190123	C	T	SA596107_SP193047	I0000000819
22	22285528	C	G	SA596044_SP192971	I0000000820
6	22294695	G	A	SA596044_SP192971	I0000000821
16	22316620	C	T	SA596308_SP192902	I0000000822
15	22319253	A	G	SA596308_SP192902	I0000000823
14	22320946	G	C	SA596183_SP193132	I0000000824
22	22326200	T	C	SA596150_SP193095	I0000000825
14	22337305	C	T	SA596052_SP192979	I0000000826
7	22348011	C	A	SA596074_SP192998	I0000000827
15	22368990	C	T	SA596180_SP193125	I0000000828
14	22392500	C	G	SA596165_SP193115	I0000000829
15	22414262	C	T	SA596308_SP192902	I0000000830
1	22446705	C	G	SA596308_SP192902	I0000000831
1	22446726	C	T	SA596308_SP192902	I0000000832
1	22446872	C	T	SA596308_SP192902	I0000000833
1	22446884	C	T	SA596308_SP192902	I0000000834
15	22466126	A	C	SA596308_SP192902	I0000000835
16	22558305	T	C	SA596143_SP193092	I0000000836
10	22607647	A	C	SA596043_SP192969	I0000000837
22	22735316	A	G	SA596298_SP192894	I0000000838
18	22806473	G	A	SA596074_SP192998	I0000000839
18	22807402	G	A	SA596158_SP193103	I0000000840
19	22846623	G	A	SA596092_SP193042	I0000000841
19	22846788	C	A	SA596374_SP192934	I0000000842
15	22926026	C	T	SA596183_SP193132	I0000000843
1	22970642	C	T	SA596308_SP192902	I0000000844
22	23040608	C	T	SA596122_SP193064	I0000000845
8	23056938	G	A	SA596305_SP192899	I0000000846
7	23164465	C	T	SA596070_SP192991	I0000000847
15	23300079	T	G	SA596094_SP193044	I0000000848
15	23300080	T	C	SA596094_SP193044	I0000000849
X	23353087	C	T	SA596150_SP193095	I0000000850
22	23503121	G	A	SA596374_SP192934	I0000000851
22	23503170	A	G	SA596308_SP192902	I0000000852
10	23632843	G	A	SA596192_SP193143	I0000000853
1	23637503	C	T	SA596070_SP192991	I0000000854
10	23729031	G	A	SA596194_SP193148	I0000000855
18	23758827	C	T	SA596350_SP192928	I0000000856
4	23814474	C	A	SA596308_SP192902	I0000000857
14	23828727	T	G	SA596044_SP192971	I0000000858
14	23829018	C	T	SA596308_SP192902	I0000000859
19	23836537	C	T	SA596308_SP192902	I0000000860
14	23863127	G	T	SA596043_SP192969	I0000000861
14	23866752	C	T	SA596043_SP192969	I0000000862
14	23885334	G	A	SA596281_SP192885	I0000000863
13	23894754	G	T	SA596350_SP192928	I0000000864
13	23911754	C	T	SA596055_SP192984	I0000000865
22	23917235	T	C	SA596281_SP192885	I0000000866
22	23917278	A	T	SA596043_SP192969	I0000000867
14	23924818	C	A	SA596094_SP193044	I0000000868
13	23928801	A	C	SA596350_SP192928	I0000000869
2	23980631	G	A	SA596305_SP192899	I0000000870
22	24106674	G	A	SA596308_SP192902	I0000000871
14	24108089	G	T	SA596154_SP193097	I0000000872
19	24118260	C	T	SA596094_SP193044	I0000000873
X	24197524	G	A	SA596308_SP192902	I0000000874
6	24205397	T	A	SA596032_SP192964	I0000000875
8	24241973	G	C	SA596374_SP192934	I0000000876
6	24302238	G	A	SA596308_SP192902	I0000000877
X	24329908	G	A	SA596308_SP192902	I0000000878
X	24331408	G	C	SA596044_SP192971	I0000000879
16	24373083	G	C	SA596308_SP192902	I0000000880
14	24424346	G	A	SA596165_SP193115	I0000000881
14	24424420	C	T	SA596165_SP193115	I0000000882
14	24439132	G	A	SA596339_SP192919	I0000000883
14	24439455	A	T	SA596057_SP192989	I0000000884
14	24439455	A	T	SA596090_SP193024	I0000000885
4	24542491	C	A	SA596055_SP192984	I0000000886
14	24546697	C	T	SA596150_SP193095	I0000000887
14	24563294	C	A	SA596305_SP192899	I0000000888
22	24582041	A	G	SA596374_SP192934	I0000000889
14	24592554	G	A	SA596165_SP193115	I0000000890
14	24620727	G	A	SA596180_SP193125	I0000000891
22	24622648	T	C	SA596308_SP192902	I0000000892
1	24657978	G	A	SA596110_SP193053	I0000000893
1	24663009	C	G	SA596044_SP192971	I0000000894
1	24684323	T	C	SA596158_SP193103	I0000000895
7	24747765	A	G	SA596055_SP192984	I0000000896
14	24780918	G	C	SA596348_SP192925	I0000000897
14	24807302	C	G	SA596308_SP192902	I0000000898
14	24808508	T	G	SA596052_SP192979	I0000000899
14	24808528	T	G	SA596052_SP192979	I0000000900
16	24816210	G	T	SA596180_SP193125	I0000000901
14	24841838	C	T	SA596305_SP192899	I0000000902
6	24865556	G	C	SA596052_SP192979	I0000000903
14	24970801	C	A	SA596305_SP192899	I0000000904
1	24987738	C	T	SA596348_SP192925	I0000000905
22	25023876	C	T	SA596108_SP193050	I0000000906
22	25023903	C	T	SA596052_SP192979	I0000000907
22	25023903	C	T	SA596074_SP192998	I0000000908
22	25023903	C	T	SA596092_SP193042	I0000000909
22	25023903	C	T	SA596122_SP193064	I0000000910
4	25032226	C	T	SA596308_SP192902	I0000000911
8	25168106	T	C	SA596281_SP192885	I0000000912
4	25235799	C	T	SA596308_SP192902	I0000000913
22	25264460	T	C	SA596374_SP192934	I0000000914
8	25267622	A	G	SA596308_SP192902	I0000000915
20	25274965	A	G	SA596122_SP193064	I0000000916
10	25288390	C	T	SA596094_SP193044	I0000000917
22	25297788	G	A	SA596305_SP192899	I0000000918
4	25390128	C	G	SA596308_SP192902	I0000000919
6	25426672	G	T	SA596107_SP193047	I0000000920
13	25458397	C	T	SA596143_SP193092	I0000000921
20	25470565	C	T	SA596032_SP192964	I0000000922
15	25476085	G	T	SA596138_SP193086	I0000000923
18	25591882	C	G	SA596305_SP192899	I0000000924
15	25652325	T	A	SA596032_SP192964	I0000000925
8	25702054	G	A	SA596052_SP192979	I0000000926
22	25714261	G	A	SA596107_SP193047	I0000000927
6	25726675	G	A	SA596308_SP192902	I0000000928
4	25769362	T	G	SA596183_SP193132	I0000000929
6	25862171	A	T	SA596301_SP192897	I0000000930
4	25915742	A	C	SA596074_SP192998	I0000000931
17	25944359	G	C	SA596308_SP192902	I0000000932
15	25971168	C	G	SA596348_SP192925	I0000000933
6	26027433	G	A	SA596308_SP192902	I0000000934
6	26045737	C	G	SA596308_SP192902	I0000000935
6	26056604	G	A	SA596308_SP192902	I0000000936
22	26059625	T	A	SA596128_SP193068	I0000000937
17	26079849	T	C	SA596281_SP192885	I0000000938
17	26079849	T	C	SA596361_SP192930	I0000000939
6	26093435	A	C	SA596079_SP193011	I0000000940
6	26104191	A	T	SA596128_SP193068	I0000000941
15	26107528	A	T	SA596074_SP192998	I0000000942
13	26125490	G	A	SA596287_SP192889	I0000000943
22	26343805	A	G	SA596308_SP192902	I0000000944
1	26378476	A	G	SA596043_SP192969	I0000000945
6	26393148	G	A	SA596308_SP192902	I0000000946
2	26407689	C	T	SA596305_SP192899	I0000000947
8	26434719	C	T	SA596094_SP193044	I0000000948
6	26466225	A	C	SA596308_SP192902	I0000000949
10	26534839	T	A	SA596134_SP193076	I0000000950
11	26547206	G	A	SA596308_SP192902	I0000000951
17	26575359	G	A	SA596165_SP193115	I0000000952
8	26636906	T	A	SA596308_SP192902	I0000000953
1	26671810	C	A	SA596052_SP192979	I0000000954
2	26684752	G	C	SA596308_SP192902	I0000000955
17	26684777	A	G	SA596119_SP193063	I0000000956
17	26684797	A	T	SA596119_SP193063	I0000000957
22	26688774	C	T	SA596074_SP192998	I0000000958
2	26699920	T	G	SA596087_SP193022	I0000000959
2	26706368	C	T	SA596092_SP193042	I0000000960
11	26743157	C	A	SA596052_SP192979	I0000000961
12	26809316	G	A	SA596308_SP192902	I0000000962
1	26873705	G	A	SA596043_SP192969	I0000000963
17	26945866	C	G	SA596143_SP193092	I0000000964
17	26962105	A	C	SA596044_SP192971	I0000000965
17	26982508	T	C	SA596119_SP193063	I0000000966
5	26988464	C	G	SA596052_SP192979	I0000000967
10	26991037	A	G	SA596055_SP192984	I0000000968
10	26991037	A	G	SA596057_SP192989	I0000000969
10	26991045	T	C	SA596055_SP192984	I0000000970
10	26991045	T	C	SA596057_SP192989	I0000000971
17	27008359	C	T	SA596336_SP192916	I0000000972
11	27016277	G	T	SA596092_SP193042	I0000000973
1	27023348	C	T	SA596301_SP192897	I0000000974
22	27026371	G	A	SA596192_SP193143	I0000000975
17	27030762	C	A	SA596043_SP192969	I0000000976
10	27048015	C	T	SA596158_SP193103	I0000000977
12	27064187	C	T	SA596055_SP192984	I0000000978
17	27064399	C	T	SA596087_SP193022	I0000000979
12	27066907	C	G	SA596032_SP192964	I0000000980
17	27085652	A	C	SA596052_SP192979	I0000000981
21	27086916	C	A	SA596158_SP193103	I0000000982
1	27100939	A	T	SA596043_SP192969	I0000000983
6	27114569	T	C	SA596374_SP192934	I0000000984
15	27128265	C	T	SA596192_SP193143	I0000000985
7	27149841	G	A	SA596374_SP192934	I0000000986
9	27197450	C	T	SA596308_SP192902	I0000000987
17	27209068	C	T	SA596143_SP193092	I0000000988
3	27216366	C	G	SA596032_SP192964	I0000000989
15	27222134	G	T	SA596055_SP192984	I0000000990
16	27222461	G	T	SA596079_SP193011	I0000000991
16	27232061	G	C	SA596305_SP192899	I0000000992
16	27246525	C	G	SA596079_SP193011	I0000000993
6	27277650	G	A	SA596094_SP193044	I0000000994
7	27284722	G	A	SA596305_SP192899	I0000000995
10	27294601	T	G	SA596079_SP193011	I0000000996
2	27322016	G	A	SA596305_SP192899	I0000000997
2	27323385	C	T	SA596374_SP192934	I0000000998
