date	total	active
2009-08-13	135	28
2009-08-14 	135 	28
2009-08-15 	136 	30
2009-08-16 	136 	29
2009-08-17 	136 	27
2009-08-18 	136 	26
2009-08-19 	136 	26
2009-08-20 	136 	23
2009-08-21 	136 	15
2009-08-22 	136 	13
2009-08-23 	136 	13
2009-08-24 	137 	13
2009-08-25 	137 	13
2009-08-26 	137 	13
2009-08-27 	137 	14
2009-08-28 	137 	13
2009-08-29 	137 	12
2009-08-30 	137 	10
2009-08-31 	137 	10
2009-09-01 	138 	11
2009-09-02 	138 	12
2009-09-03 	138 	11
2009-09-04 	138 	11
2009-09-05 	138 	10
2009-09-06 	138 	10
2009-09-07 	138 	10
2009-09-08 	138 	15
2009-09-09 	138 	18
2009-09-10 	138 	17
2009-09-11 	138 	17
2009-09-12 	138 	18
2009-09-13 	138 	18
2009-09-14 	137 	16
2009-09-15 	137 	16
2009-09-16 	137 	16
2009-09-17 	137 	16
2009-09-18 	138 	21
2009-09-19 	138 	22
2009-09-20 	138 	22
2009-09-21 	138 	22
2009-09-22 	138 	23
2009-09-23 	138 	22
2009-09-24 	139 	24
2009-09-25 	140 	25
2009-09-26 	140 	25
2009-09-27 	140 	25
2009-09-28 	140 	25
2009-09-29 	140 	25
2009-09-30 	140 	25
2009-10-01 	140 	28
2009-10-02 	140 	31
2009-10-03 	140 	31
2009-10-04 	140 	31
2009-10-05 	140 	31
2009-10-06 	140 	32
2009-10-07 	140 	32
2009-10-08 	140 	34
2009-10-09 	140 	36
2009-10-10 	141 	38
2009-10-11 	141 	38
2009-10-12 	141 	38
2009-10-13 	141 	38
2009-10-14 	141 	45
2009-10-15 	140 	48
2009-10-16 	140 	51
2009-10-17 	140 	52
2009-10-18 	140 	52
2009-10-19 	141 	54
2009-10-20 	141 	54
2009-10-21 	141 	54
2009-10-22 	140 	56
2009-10-23 	140 	56
2009-10-24 	140 	54
2009-10-25 	140 	53
2009-10-26 	140 	52
2009-10-27 	140 	52
2009-10-28 	141 	54
2009-10-29 	141 	55
2009-10-30 	141 	55
2009-10-31 	141 	54
2009-11-01 	141 	54
2009-11-02 	142 	55
2009-11-03 	142 	55
2009-11-04 	142 	56
2009-11-05 	143 	57
2009-11-06 	143 	57
2009-11-07 	143 	54
2009-11-08 	143 	53
2009-11-09 	142 	53
2009-11-10 	142 	53
2009-11-11 	142 	53
2009-11-12 	142 	53
2009-11-13 	142 	47
2009-11-14 	142 	43
2009-11-15 	142 	37
2009-11-16 	142 	36
2009-11-17 	142 	35
2009-11-18 	142 	38
2009-11-19 	142 	38
2009-11-20 	142 	38
2009-11-21 	142 	35
2009-11-22 	142 	34
2009-11-23 	142 	34
2009-11-24 	141 	36
2009-11-25 	141 	36
2009-11-26 	141 	35
2009-11-27 	141 	34
2009-11-28 	141 	33
2009-11-29 	141 	31
2009-11-30 	141 	31
2009-12-01 	142 	33
2009-12-02 	143 	33
2009-12-03 	143 	29
2009-12-04 	143 	29
2009-12-05 	143 	32
2009-12-06 	143 	32
2009-12-07 	143 	32
2009-12-08 	142 	32
2009-12-09 	142 	30
2009-12-10 	142 	30
2009-12-11 	143 	32
2009-12-12 	143 	32
2009-12-13 	143 	32
2009-12-14 	143 	33
2009-12-15 	143 	33
2009-12-16 	143 	33
2009-12-17 	144 	34
2009-12-18 	144 	32
2009-12-19 	144 	32
2009-12-20 	145 	32
2009-12-21 	145 	33
2009-12-22 	145 	33
2009-12-23 	146 	34
2009-12-24 	146 	30
2009-12-25 	146 	30
2009-12-26 	147 	31
2009-12-27 	148 	33
2009-12-28 	149 	34
2009-12-29 	149 	34
2009-12-30 	149 	34
2009-12-31 	149 	32
2010-01-01 	149 	32
2010-01-02 	149 	32
2010-01-03 	149 	32
2010-01-04 	149 	26
2010-01-05 	149 	28
2010-01-06 	149 	29
2010-01-07 	149 	26
2010-01-08 	149 	27
2010-01-09 	151 	32
2010-01-10 	151 	30
2010-01-11 	151 	31
2010-01-12 	151 	41
2010-01-13 	151 	41
2010-01-14 	151 	41
2010-01-15 	151 	41
2010-01-16 	151 	41
2010-01-17 	151 	42
2010-01-18 	154 	45
2010-01-19 	154 	44
2010-01-20 	155 	45
2010-01-21 	156 	47
2010-01-22 	156 	47
2010-01-23 	156 	47
2010-01-24 	156 	47
2010-01-25 	157 	51
2010-01-26 	160 	53
2010-01-27 	161 	54
2010-01-28 	162 	55
2010-01-29 	162 	55
2010-01-30 	162 	55
2010-01-31 	162 	55
2010-02-01 	163 	56
2010-02-02 	163 	56
2010-02-03 	163 	56
2010-02-04 	163 	55
2010-02-05 	164 	55
2010-02-06 	163 	55
2010-02-07 	163 	54
2010-02-08 	164 	52
2010-02-09 	164 	51
2010-02-10 	164 	52
2010-02-11 	164 	45
2010-02-12 	164 	46
2010-02-13 	164 	45
2010-02-14 	164 	45
2010-02-15 	165 	46
2010-02-16 	165 	44
2010-02-17 	165 	44
2010-02-18 	168 	47
2010-02-19 	168 	48
2010-02-20 	168 	47
2010-02-21 	168 	47
2010-02-22 	168 	47
2010-02-23 	168 	47
2010-02-24 	168 	43
2010-02-25 	168 	35
2010-02-26 	168 	30
2010-02-27 	168 	29
2010-02-28 	168 	29
2010-03-01 	168 	29
2010-03-02 	168 	29
2010-03-03 	168 	29
2010-03-04 	169 	28
2010-03-05 	169 	29
2010-03-06 	169 	31
2010-03-07 	169 	31
2010-03-08 	169 	31
2010-03-09 	169 	31
2010-03-10 	169 	30
2010-03-11 	169 	30
2010-03-12 	169 	28
2010-03-13 	169 	29
2010-03-14 	169 	28
2010-03-15 	170 	29
2010-03-16 	170 	30
2010-03-17 	170 	29
2010-03-18 	170 	31
2010-03-19 	170 	32
2010-03-20 	171 	31
2010-03-21 	171 	24
2010-03-22 	173 	26
2010-03-23 	175 	40
2010-03-24 	176 	42
2010-03-25 	176 	42
2010-03-26 	176 	42
2010-03-27 	177 	43
2010-03-28 	177 	43
2010-03-29 	177 	43
2010-03-30 	177 	43
2010-03-31 	177 	44
2010-04-01 	177 	44
2010-04-02 	177 	44
2010-04-03 	177 	44
2010-04-04 	177 	42
2010-04-05 	177 	41
2010-04-06 	177 	41
2010-04-07 	177 	41
2010-04-08 	176 	41
2010-04-09 	176 	41
2010-04-10 	176 	42
2010-04-11 	176 	42
2010-04-12 	176 	41
2010-04-13 	177 	42
2010-04-14 	177 	40
2010-04-15 	177 	40
2010-04-16 	177 	40
2010-04-17 	177 	39
2010-04-18 	177 	40
2010-04-19 	177 	40
2010-04-20 	177 	40
2010-04-21 	177 	40
2010-04-22 	177 	26
2010-04-23 	177 	16
2010-04-24 	177 	12
2010-04-25 	177 	12
2010-04-26 	177 	11
2010-04-27 	177 	11
2010-04-28 	178 	13
2010-04-29 	178 	12
2010-04-30 	178 	11
2010-05-01 	178 	11
2010-05-02 	178 	11
2010-05-03 	178 	12
2010-05-04 	178 	12
2010-05-05 	178 	11
2010-05-06 	179 	11
2010-05-07 	179 	11
2010-05-08 	179 	10
2010-05-09 	179 	10
2010-05-10 	179 	9
2010-05-11 	180 	11
2010-05-12 	180 	11
2010-05-13 	181 	12
2010-05-14 	181 	12
2010-05-15 	181 	12
2010-05-16 	181 	12
2010-05-17 	181 	12
2010-05-18 	181 	13
2010-05-19 	181 	13
2010-05-20 	181 	13
2010-05-21 	181 	13
2010-05-22 	181 	13
2010-05-23 	181 	13
2010-05-24 	181 	13
2010-05-25 	181 	13
2010-05-26 	181 	13
2010-05-27 	182 	14
2010-05-28 	182 	12
2010-05-29 	182 	12
2010-05-30 	182 	12
2010-05-31 	182 	12
2010-06-01 	182 	12
2010-06-02 	182 	12
2010-06-03 	182 	12
2010-06-04 	182 	11
2010-06-05 	182 	11
2010-06-06 	182 	11
2010-06-07 	182 	11
2010-06-08 	182 	10
2010-06-09 	182 	10
2010-06-10 	182 	8
2010-06-11 	182 	8
2010-06-12 	182 	5
2010-06-13 	182 	5
2010-06-14 	182 	5
2010-06-15 	182 	5
2010-06-16 	182 	5
2010-06-17 	182 	4
2010-06-18 	182 	4
2010-06-19 	182 	3
2010-06-20 	182 	3
2010-06-21 	182 	3
2010-06-22 	182 	4
2010-06-23 	182 	4
2010-06-24 	182 	4
2010-06-25 	182 	4
2010-06-26 	182 	3
2010-06-27 	182 	3
2010-06-28 	182 	3
2010-06-29 	182 	2
2010-06-30 	182 	2
2010-07-01 	182 	2
2010-07-02 	182 	1
2010-07-03 	182 	1
2010-07-04 	182 	1
2010-07-05 	182 	1
2010-07-06 	182 	1
2010-07-07 	182 	8
2010-07-08 	182 	9
2010-07-09 	182 	9
2010-07-10 	182 	10
2010-07-11 	182 	10
2010-07-12 	182 	17
2010-07-13 	182 	20
2010-07-14 	182 	20
2010-07-15 	182 	22
2010-07-16 	182 	25
2010-07-17 	182 	26
2010-07-18 	182 	26
2010-07-19 	182 	26
2010-07-20 	183 	29
2010-07-21 	183 	29
2010-07-22 	183 	29
2010-07-23 	184 	30
2010-07-24 	184 	31
2010-07-25 	184 	32
2010-07-26 	184 	32
2010-07-27 	184 	32
2010-07-28 	185 	34
2010-07-29 	185 	38
2010-07-30 	186 	40
2010-07-31 	186 	40
2010-08-01 	186 	40
2010-08-02 	186 	40
2010-08-03 	186 	41
2010-08-04 	186 	41
2010-08-05 	186 	41
2010-08-06 	186 	37
2010-08-07 	186 	37
2010-08-08 	186 	37
2010-08-09 	186 	36
2010-08-10 	186 	36
2010-08-11 	186 	34
2010-08-12 	187 	33
2010-08-13 	187 	33
2010-08-14 	187 	33
2010-08-15 	187 	31
2010-08-16 	187 	30
2010-08-17 	187 	30
2010-08-18 	187 	30
2010-08-19 	187 	24
2010-08-20 	186 	23
2010-08-21 	186 	23
2010-08-22 	186 	23
2010-08-23 	186 	23
2010-08-24 	186 	23
2010-08-25 	186 	23
2010-08-26 	187 	24
2010-08-27 	187 	24
2010-08-28 	187 	20
2010-08-29 	187 	17
2010-08-30 	187 	12
2010-08-31 	186 	11
2010-09-01 	186 	11
2010-09-02 	186 	11
2010-09-03 	187 	12
2010-09-04 	187 	12
2010-09-05 	187 	12
2010-09-06 	187 	12
2010-09-07 	187 	12
2010-09-08 	187 	12
2010-09-09 	187 	13
2010-09-10 	187 	13
2010-09-11 	187 	12
2010-09-12 	187 	12
2010-09-13 	187 	12
2010-09-14 	187 	12
2010-09-15 	187 	12
2010-09-16 	187 	13
2010-09-17 	187 	13
2010-09-18 	187 	12
2010-09-19 	188 	12
2010-09-20 	188 	12
2010-09-21 	188 	12
2010-09-22 	190 	14
2010-09-23 	190 	13
2010-09-24 	190 	14
2010-09-25 	190 	13
2010-09-26 	190 	14
2010-09-27 	190 	14
2010-09-28 	190 	14
2010-09-29 	190 	13
2010-09-30 	190 	14
2010-10-01 	190 	13
2010-10-02 	190 	14
2010-10-03 	190 	15
2010-10-04 	190 	17
2010-10-05 	190 	17
2010-10-06 	190 	19
2010-10-07 	190 	19
2010-10-08 	190 	19
2010-10-09 	190 	18
2010-10-10 	190 	18
2010-10-11 	190 	18
2010-10-12 	190 	18
2010-10-13 	190 	18
2010-10-14 	190 	18
2010-10-15 	190 	18
2010-10-16 	190 	17
2010-10-17 	190 	17
2010-10-18 	190 	17
2010-10-19 	190 	16
2010-10-20 	190 	16
2010-10-21 	190 	16
2010-10-22 	190 	15
2010-10-23 	190 	15
2010-10-24 	190 	15
2010-10-25 	190 	14
2010-10-26 	190 	14
2010-10-27 	190 	14
2010-10-28 	190 	12
2010-10-29 	190 	12
2010-10-30 	190 	12
2010-10-31 	190 	12
2010-11-01 	190 	11
2010-11-02 	191 	8
2010-11-03 	191 	5
2010-11-04 	191 	5
2010-11-05 	191 	5
2010-11-06 	192 	6
2010-11-07 	192 	6
2010-11-08 	192 	5
2010-11-09 	192 	5
2010-11-10 	192 	5
2010-11-11 	192 	5
2010-11-12 	192 	5
2010-11-13 	192 	5
2010-11-14 	192 	5
2010-11-15 	192 	5
2010-11-16 	192 	5
2010-11-17 	192 	5
2010-11-18 	192 	6
2010-11-19 	192 	6
2010-11-20 	192 	6
2010-11-21 	192 	6
2010-11-22 	193 	15
2010-11-23 	193 	18
2010-11-24 	193 	24
2010-11-25 	193 	24
2010-11-26 	193 	24
2010-11-27 	193 	25
2010-11-28 	193 	26
2010-11-29 	194 	28
2010-11-30 	194 	28
2010-12-01 	195 	29
2010-12-02 	195 	29
2010-12-03 	194 	29
2010-12-04 	194 	29
2010-12-05 	195 	29
2010-12-06 	195 	28
2010-12-07 	195 	28
2010-12-08 	195 	28
2010-12-09 	195 	28
2010-12-10 	195 	28
2010-12-11 	195 	28
2010-12-12 	195 	28
2010-12-13 	195 	28
2010-12-14 	195 	28
2010-12-15 	196 	29
2010-12-16 	196 	29
2010-12-17 	196 	29
2010-12-18 	196 	29
2010-12-19 	196 	29
2010-12-20 	196 	29
2010-12-21 	196 	29
2010-12-22 	196 	27
2010-12-23 	196 	25
2010-12-24 	196 	19
2010-12-25 	196 	15
2010-12-26 	196 	11
2010-12-27 	196 	9
2010-12-28 	196 	9
2010-12-29 	196 	7
2010-12-30 	196 	7
2010-12-31 	196 	7
2011-01-01 	196 	4
2011-01-02 	196 	4
2011-01-03 	196 	4
2011-01-04 	197 	4
2011-01-05 	197 	5
2011-01-06 	198 	6
2011-01-07 	198 	6
2011-01-08 	198 	6
2011-01-09 	198 	6
2011-01-10 	199 	7
2011-01-11 	199 	6
2011-01-12 	197 	29
2011-01-13 	197 	31
2011-01-14 	199 	33
2011-01-15 	200 	39
2011-01-16 	200 	39
2011-01-17 	200 	40
2011-01-18 	200 	51
2011-01-19 	200 	53
2011-01-20 	202 	55
2011-01-21 	202 	55
2011-01-22 	202 	55
2011-01-23 	203 	56
2011-01-24 	203 	56
2011-01-25 	203 	57
2011-01-26 	203 	57
2011-01-27 	203 	57
2011-01-28 	204 	58
2011-01-29 	206 	61
2011-01-30 	206 	61
2011-01-31 	205 	61
2011-02-01 	208 	64
2011-02-02 	208 	64
2011-02-03 	209 	64
2011-02-04 	210 	64
2011-02-05 	210 	63
2011-02-06 	212 	65
2011-02-07 	211 	65
2011-02-08 	212 	66
2011-02-09 	214 	70
2011-02-10 	215 	71
2011-02-11 	215 	63
2011-02-12 	215 	62
2011-02-13 	215 	62
2011-02-14 	215 	58
2011-02-15 	216 	58
2011-02-16 	216 	57
2011-02-17 	216 	46
2011-02-18 	217 	49
2011-02-19 	217 	49
2011-02-20 	217 	49
2011-02-21 	217 	49
2011-02-22 	217 	49
2011-02-23 	219 	51
2011-02-24 	221 	54
2011-02-25 	222 	59
2011-02-26 	222 	59
2011-02-27 	224 	61
2011-02-28 	224 	61
2011-03-01 	225 	66
2011-03-02 	225 	66
2011-03-03 	225 	65
2011-03-04 	226 	63
2011-03-05 	226 	62
2011-03-06 	228 	64
2011-03-07 	230 	66
2011-03-08 	230 	66
2011-03-09 	230 	64
2011-03-10 	230 	64
2011-03-11 	230 	54
2011-03-12 	231 	54
2011-03-13 	231 	54
2011-03-14 	231 	55
2011-03-15 	231 	55
2011-03-16 	231 	58
2011-03-17 	232 	58
2011-03-18 	232 	59
2011-03-19 	232 	59
2011-03-20 	231 	55
2011-03-21 	232 	56
2011-03-22 	232 	56
2011-03-23 	233 	57
2011-03-24 	233 	57
2011-03-25 	233 	55
2011-03-26 	233 	47
2011-03-27 	233 	38
2011-03-28 	233 	35
2011-03-29 	233 	34
2011-03-30 	233 	33
2011-03-31 	233 	28
2011-04-01 	234 	29
2011-04-02 	234 	29
2011-04-03 	236 	30
2011-04-04 	237 	30
2011-04-05 	237 	28
2011-04-06 	238 	28
2011-04-07 	238 	27
2011-04-08 	238 	27
2011-04-09 	238 	27
2011-04-10 	238 	28
2011-04-11 	238 	29
2011-04-12 	238 	28
2011-04-13 	238 	29
2011-04-14 	238 	26
2011-04-15 	238 	27
2011-04-16 	238 	26
2011-04-17 	238 	25
2011-04-18 	238 	25
2011-04-19 	238 	25
2011-04-20 	238 	25
2011-04-21 	238 	25
2011-04-22 	238 	26
2011-04-23 	238 	26
2011-04-24 	238 	26
2011-04-25 	239 	27
2011-04-26 	239 	27
2011-04-27 	239 	28
2011-04-28 	240 	29
2011-04-29 	240 	29
2011-04-30 	240 	27
2011-05-01 	240 	27
2011-05-02 	240 	27
2011-05-03 	240 	24
2011-05-04 	240 	25
2011-05-05 	240 	25
2011-05-06 	240 	27
2011-05-07 	240 	27
2011-05-08 	240 	27
2011-05-09 	240 	27
2011-05-10 	240 	25
2011-05-11 	240 	23
2011-05-12 	238 	31
2011-05-13 	239 	36
2011-05-14 	238 	38
2011-05-15 	237 	38
2011-05-16 	237 	41
2011-05-17 	237 	41
2011-05-18 	237 	40
2011-05-19 	237 	40
2011-05-20 	237 	39
2011-05-21 	237 	40
2011-05-23 	236 	42
2011-05-24 	236 	42
2011-05-25 	236 	42
2011-05-26 	236 	42
2011-05-27 	236 	41
2011-05-28 	236 	40
2011-05-29 	236 	40
2011-05-30 	236 	40
2011-05-31 	236 	41
2011-06-01 	236 	41
2011-06-02 	236 	41
2011-06-03 	236 	40
2011-06-04 	236 	40
2011-06-05 	236 	38
2011-06-06 	236 	38
2011-06-07 	236 	38
2011-06-08 	236 	39
2011-06-09 	236 	39
2011-06-10 	236 	39
2011-06-11 	236 	37
2011-06-12 	236 	33
2011-06-13 	236 	30
2011-06-14 	236 	29
2011-06-15 	237 	24
2011-06-16 	237 	24
2011-06-17 	237 	24
2011-06-18 	237 	24
2011-06-19 	237 	24
2011-06-20 	237 	22
2011-06-21 	236 	30
2011-06-22 	236 	26
2011-06-23 	235 	32
2011-06-24 	235 	31
2011-06-25 	235 	32
2011-06-26 	235 	33
2011-06-27 	235 	33
2011-06-28 	235 	33
2011-06-29 	235 	39
2011-06-30 	235 	38
2011-07-01 	235 	38
2011-07-02 	235 	38
2011-07-03 	236 	40
2011-07-04 	236 	40
2011-07-05 	236 	40
2011-07-06 	236 	42
2011-07-07 	236 	46
2011-07-08 	236 	47
2011-07-09 	236 	47
2011-07-10 	237 	48
2011-07-11 	237 	48
2011-07-12 	237 	49
2011-07-13 	237 	50
2011-07-14 	238 	51
2011-07-15 	237 	49
2011-07-16 	237 	49
2011-07-17 	237 	49
2011-07-18 	237 	49
2011-07-19 	237 	49
2011-07-20 	237 	49
2011-07-21 	238 	43
2011-07-22 	238 	42
2011-07-23 	238 	38
2011-07-24 	239 	39
2011-07-25 	238 	38
2011-07-26 	238 	38
2011-07-27 	239 	38
2011-07-28 	239 	40
2011-07-29 	239 	35
2011-07-30 	239 	37
2011-07-31 	240 	39
2011-08-01 	240 	41
2011-08-02 	240 	42
2011-08-03 	241 	43
2011-08-04 	241 	43
2011-08-05 	241 	42
2011-08-06 	242 	39
2011-08-07 	242 	35
2011-08-08 	242 	36
2011-08-09 	242 	38
2011-08-10 	242 	38
2011-08-11 	242 	37
2011-08-12 	242 	36
2011-08-13 	242 	35
2011-08-14 	242 	35
2011-08-15 	241 	35
2011-08-16 	242 	37
2011-08-17 	243 	38
2011-08-18 	243 	39
2011-08-19 	243 	39
2011-08-20 	244 	39
2011-08-21 	244 	39
2011-08-22 	244 	39
2011-08-23 	245 	38
2011-08-24 	245 	38
2011-08-25 	245 	40
2011-08-26 	245 	41
2011-08-27 	244 	43
2011-08-28 	243 	43
2011-08-29 	244 	43
2011-08-30 	244 	44
2011-08-31 	244 	43
2011-09-01 	245 	42
2011-09-02 	247 	49
2011-09-03 	248 	52
2011-09-04 	248 	52
2011-09-05 	248 	50
2011-09-06 	249 	51
2011-09-07 	250 	50
2011-09-08 	251 	49
2011-09-09 	251 	48
2011-09-10 	252 	49
2011-09-11 	252 	50
2011-09-12 	252 	50
2011-09-13 	252 	50
2011-09-14 	252 	50
2011-09-15 	252 	49
2011-09-16 	252 	48
2011-09-17 	252 	48
2011-09-18 	252 	48
2011-09-19 	252 	47
2011-09-20 	252 	47
2011-09-21 	252 	47
2011-09-22 	252 	47
2011-09-23 	252 	47
2011-09-24 	252 	45
2011-09-25 	251 	44
2011-09-26 	251 	41
2011-09-27 	251 	39
2011-09-28 	251 	39
2011-09-29 	252 	40
2011-09-30 	254 	41
2011-10-01 	254 	38
2011-10-02 	254 	29
2011-10-03 	253 	20
2011-10-04 	253 	16
2011-10-05 	253 	15
2011-10-06 	254 	14
2011-10-07 	254 	13
2011-10-08 	254 	11
2011-10-09 	254 	11
2011-10-10 	254 	10
2011-10-11 	254 	10
2011-10-12 	254 	11
2011-10-13 	254 	11
2011-10-14 	254 	12
2011-10-15 	254 	13
2011-10-16 	254 	13
2011-10-17 	254 	13
2011-10-18 	255 	17
2011-10-19 	255 	18
2011-10-20 	255 	19
2011-10-21 	255 	19
2011-10-22 	255 	19
2011-10-23 	255 	19
2011-10-24 	255 	28
2011-10-25 	255 	32
2011-10-26 	256 	32
2011-10-27 	256 	39
2011-10-28 	259 	43
2011-10-29 	259 	44
2011-10-30 	259 	42
2011-10-31 	259 	42
2011-11-01 	260 	43
2011-11-02 	261 	47
2011-11-03 	263 	48
2011-11-04 	263 	48
2011-11-05 	263 	47
2011-11-06 	263 	47
2011-11-07 	264 	48
2011-11-08 	264 	49
2011-11-09 	265 	52
2011-11-10 	265 	51
2011-11-11 	268 	54
2011-11-12 	268 	54
2011-11-13 	268 	53
2011-11-14 	268 	53
2011-11-15 	268 	53
2011-11-16 	267 	53
2011-11-17 	269 	56
2011-11-18 	269 	57
2011-11-19 	269 	58
2011-11-20 	269 	58
2011-11-21 	269 	58
2011-11-22 	269 	58
2011-11-23 	269 	54
2011-11-24 	269 	52
2011-11-25 	269 	52
2011-11-26 	269 	48
2011-11-27 	271 	49
2011-11-28 	271 	49
2011-11-29 	271 	49
2011-11-30 	271 	48
2011-12-01 	272 	49
2011-12-02 	272 	45
2011-12-03 	272 	47
2011-12-04 	272 	40
2011-12-05 	272 	41
2011-12-06 	273 	45
2011-12-07 	274 	45
2011-12-08 	275 	46
2011-12-09 	275 	46
2011-12-10 	277 	50
2011-12-11 	277 	49
2011-12-12 	278 	50
2011-12-13 	278 	50
2011-12-14 	278 	50
2011-12-15 	278 	50
2011-12-16 	278 	50
2011-12-17 	278 	46
2011-12-18 	278 	43
2011-12-19 	278 	41
2011-12-20 	278 	41
2011-12-21 	278 	41
2011-12-22 	278 	41
2011-12-23 	278 	41
2011-12-24 	278 	40
2011-12-25 	278 	40
2011-12-26 	278 	40
2011-12-27 	278 	40
2011-12-28 	277 	40
2011-12-29 	277 	41
2011-12-30 	277 	41
2011-12-31 	277 	41
2012-01-01 	277 	40
2012-01-02 	277 	34
2012-01-03 	277 	34
2012-01-04 	279 	35
2012-01-05 	279 	31
2012-01-06 	279 	30
2012-01-07 	279 	31
2012-01-08 	279 	28
2012-01-09 	279 	19
2012-01-10 	279 	18
2012-01-11 	278 	17
2012-01-12 	278 	14
2012-01-13 	278 	16
2012-01-14 	278 	15
2012-01-15 	280 	16
2012-01-16 	280 	17
2012-01-17 	282 	19
2012-01-18 	282 	19
2012-01-19 	282 	19
2012-01-20 	282 	19
2012-01-21 	283 	20
2012-01-22 	283 	20
2012-01-23 	283 	21
2012-01-24 	283 	21
2012-01-25 	283 	21
2012-01-26 	283 	21
2012-01-27 	283 	22
2012-01-28 	283 	22
2012-01-29 	283 	22
2012-01-30 	283 	22
2012-01-31 	283 	22
2012-02-01 	283 	22
2012-02-02 	283 	22
2012-02-03 	282 	20
2012-02-04 	282 	20
2012-02-05 	282 	20
2012-02-06 	282 	20
2012-02-07 	282 	21
2012-02-08 	282 	21
2012-02-09 	282 	20
2012-02-10 	282 	19
2012-02-11 	282 	19
2012-02-12 	282 	16
2012-02-13 	282 	16
2012-02-14 	282 	14
2012-02-15 	282 	13
2012-02-16 	282 	10
2012-02-17 	282 	9
2012-02-18 	282 	9
2012-02-19 	282 	9
2012-02-20 	282 	10
2012-02-21 	282 	10
2012-02-22 	282 	11
2012-02-23 	283 	12
2012-02-24 	283 	11
2012-02-25 	283 	13
2012-02-26 	283 	13
2012-02-27 	283 	12
2012-02-28 	283 	13
2012-02-29 	283 	13
2012-03-01 	285 	15
2012-03-02 	286 	19
2012-03-03 	286 	19
2012-03-04 	286 	19
2012-03-05 	286 	19
2012-03-06 	286 	19
2012-03-07 	286 	19
2012-03-08 	286 	17
2012-03-09 	286 	17
2012-03-10 	286 	17
2012-03-11 	286 	17
2012-03-12 	286 	17
2012-03-13 	286 	17
2012-03-14 	287 	20
2012-03-15 	287 	20
2012-03-16 	287 	20
2012-03-17 	287 	20
2012-03-18 	287 	20
2012-03-19 	287 	20
2012-03-20 	287 	20
2012-03-21 	288 	33
2012-03-22 	288 	37
2012-03-23 	290 	41
2012-03-24 	290 	41
2012-03-25 	290 	43
2012-03-26 	290 	43
2012-03-27 	290 	47
2012-03-28 	290 	47
2012-03-29 	290 	48
2012-03-30 	290 	49
2012-03-31 	289 	49
2012-04-01 	289 	47
2012-04-02 	289 	48
2012-04-03 	289 	48
2012-04-04 	288 	48
2012-04-05 	288 	48
2012-04-06 	288 	48
2012-04-07 	288 	48
2012-04-08 	288 	48
2012-04-09 	288 	48
2012-04-10 	289 	49
2012-04-11 	290 	50
2012-04-12 	292 	53
2012-04-13 	293 	51
2012-04-15 	292 	50
2012-04-16 	292 	50
2012-04-17 	291 	50
2012-04-18 	291 	55
2012-04-19 	291 	59
2012-04-20 	291 	51
2012-04-21 	291 	48
2012-04-22 	291 	44
2012-04-23 	291 	44
2012-04-24 	290 	52
2012-04-25 	290 	54
2012-04-26 	290 	54
2012-04-27 	289 	53
2012-04-28 	290 	54
2012-04-29 	290 	54
2012-04-30 	290 	54
2012-05-01 	291 	55
2012-05-02 	291 	55
2012-05-03 	291 	56
2012-05-04 	292 	57
2012-05-05 	292 	58
2012-05-06 	293 	59
2012-05-07 	293 	60
2012-05-08 	293 	60
2012-05-09 	294 	64
2012-05-10 	295 	68
2012-05-11 	296 	67
2012-05-12 	297 	69
2012-05-13 	298 	71
2012-05-14 	300 	74
2012-05-15 	300 	75
2012-05-16 	300 	76
2012-05-17 	303 	83
2012-05-18 	306 	84
2012-05-19 	307 	80
2012-05-20 	307 	80
2012-05-21 	307 	80
2012-05-22 	310 	87
2012-05-23 	312 	96
2012-05-24 	313 	94
2012-05-25 	313 	95
2012-05-26 	314 	95
2012-05-27 	314 	96
2012-05-28 	314 	95
2012-05-29 	315 	96
2012-05-30 	315 	96
2012-05-31 	315 	96
2012-06-01 	315 	97
2012-06-02 	315 	96
2012-06-03 	315 	96
2012-06-04 	315 	96
2012-06-05 	316 	97
2012-06-06 	317 	97
2012-06-07 	317 	99
2012-06-08 	319 	99
2012-06-09 	320 	96
2012-06-10 	322 	98
2012-06-11 	323 	98
2012-06-12 	325 	100
2012-06-13 	326 	100
2012-06-14 	327 	101
2012-06-15 	326 	99
2012-06-16 	326 	96
2012-06-17 	326 	96
2012-06-18 	327 	95
2012-06-19 	328 	97
2012-06-20 	328 	97
2012-06-21 	330 	97
2012-06-22 	329 	89
2012-06-23 	329 	86
2012-06-24 	329 	85
2012-06-25 	329 	81
2012-06-26 	330 	80
2012-06-27 	330 	80
2012-06-28 	330 	78
2012-06-29 	331 	80
2012-06-30 	331 	80
2012-07-01 	331 	80
2012-07-02 	331 	79
2012-07-03 	331 	79
2012-07-04 	331 	81
2012-07-05 	332 	84
2012-07-06 	334 	83
2012-07-07 	336 	80
2012-07-08 	337 	80
2012-07-09 	338 	84
2012-07-10 	338 	87
2012-07-11 	339 	87
2012-07-12 	339 	84
2012-07-13 	340 	84
2012-07-14 	342 	86
2012-07-15 	342 	86
2012-07-16 	342 	80
2012-07-17 	341 	78
2012-07-18 	342 	78
2012-07-19 	343 	75
2012-07-20 	344 	71
2012-07-21 	345 	72
2012-07-22 	346 	73
2012-07-23 	346 	71
2012-07-24 	346 	71
2012-07-25 	346 	71
2012-07-26 	345 	71
2012-07-27 	345 	71
2012-07-28 	345 	70
2012-07-29 	345 	68
2012-07-30 	346 	69
2012-07-31 	346 	68
2012-08-01 	346 	68
2012-08-02 	347 	69
2012-08-03 	347 	63
2012-08-04 	348 	60
2012-08-05 	348 	56
2012-08-06 	349 	56
2012-08-07 	349 	55
2012-08-08 	350 	46
2012-08-09 	350 	33
2012-08-10 	350 	23
2012-08-11 	350 	22
2012-08-12 	349 	20
2012-08-13 	349 	19
2012-08-14 	349 	19
2012-08-15 	350 	20
2012-08-16 	349 	20
2012-08-17 	349 	20
2012-08-18 	348 	30
2012-08-19 	348 	30
2012-08-20 	348 	32
2012-08-21 	347 	38
2012-08-22 	347 	40
2012-08-23 	348 	46
2012-08-24 	348 	47
2012-08-25 	348 	48
2012-08-26 	348 	47
2012-08-27 	348 	48
2012-08-28 	348 	50
2012-08-29 	349 	50
2012-08-30 	350 	51
2012-08-31 	351 	51
2012-09-01 	351 	50
2012-09-02 	351 	50
2012-09-03 	351 	51
2012-09-04 	352 	53
2012-09-05 	351 	57
2012-09-06 	351 	58
2012-09-07 	352 	59
2012-09-08 	352 	59
2012-09-09 	352 	59
2012-09-10 	352 	59
2012-09-11 	352 	61
2012-09-12 	353 	63
2012-09-13 	354 	66
2012-09-14 	354 	66
2012-09-15 	354 	67
2012-09-16 	354 	68
2012-09-17 	354 	66
2012-09-18 	351 	66
2012-09-19 	350 	67
2012-09-20 	351 	63
2012-09-21 	351 	59
2012-09-22 	351 	55
2012-09-23 	351 	54
2012-09-24 	352 	54
2012-09-25 	352 	54
2012-09-26 	352 	53
2012-09-27 	352 	52
2012-09-28 	352 	51
2012-09-29 	352 	51
2012-09-30 	352 	51
2012-10-01 	352 	51
2012-10-02 	352 	51
2012-10-03 	352 	51
2012-10-04 	352 	50
2012-10-05 	353 	46
2012-10-06 	353 	46
2012-10-07 	353 	46
2012-10-08 	353 	46
2012-10-09 	353 	47
2012-10-10 	353 	44
2012-10-11 	354 	36
2012-10-12 	354 	31
2012-10-13 	355 	32
2012-10-14 	355 	31
2012-10-15 	354 	29
2012-10-16 	354 	26
2012-10-17 	354 	24
2012-10-18 	353 	23
2012-10-19 	353 	20
2012-10-20 	353 	21
2012-10-21 	353 	21
2012-10-22 	353 	21
2012-10-23 	354 	22
2012-10-24 	353 	21
2012-10-25 	352 	17
2012-10-26 	352 	15
2012-10-27 	352 	14
2012-10-28 	352 	15
2012-10-29 	352 	15
2012-10-30 	352 	15
2012-10-31 	352 	15
2012-11-01 	352 	16
2012-11-02 	352 	17
2012-11-03 	352 	16
2012-11-04 	352 	14
2012-11-05 	353 	12
2012-11-06 	353 	12
2012-11-07 	354 	14
2012-11-08 	354 	15
2012-11-09 	356 	17
2012-11-10 	356 	16
2012-11-11 	356 	15
2012-11-12 	356 	15
2012-11-13 	356 	16
2012-11-14 	356 	16
2012-11-15 	357 	17
2012-11-16 	357 	20
2012-11-17 	357 	20
2012-11-18 	358 	22
2012-11-19 	359 	22
2012-11-20 	360 	23
2012-11-21 	359 	24
2012-11-22 	359 	23
2012-11-23 	359 	23
2012-11-24 	360 	24
2012-11-25 	360 	24
2012-11-26 	360 	24
2012-11-27 	360 	26
2012-11-28 	360 	26
2012-11-29 	360 	27
2012-11-30 	360 	27
2012-12-01 	360 	26
2012-12-02 	360 	26
2012-12-03 	360 	27
2012-12-04 	360 	28
2012-12-05 	359 	27
2012-12-06 	359 	27
2012-12-07 	359 	27
2012-12-08 	359 	27
2012-12-09 	360 	25
2012-12-10 	360 	24
2012-12-11 	363 	28
2012-12-12 	363 	28
2012-12-13 	363 	27
2012-12-14 	362 	29
2012-12-15 	362 	28
2012-12-16 	362 	26
2012-12-17 	365 	29
2012-12-18 	367 	29
2012-12-19 	367 	29
2012-12-20 	368 	28
2012-12-21 	368 	27
2012-12-22 	368 	27
2012-12-23 	368 	27
2012-12-24 	368 	26
2012-12-25 	368 	27
2012-12-26 	368 	27
2012-12-27 	368 	25
2012-12-28 	368 	26
2012-12-29 	368 	25
2012-12-30 	368 	24
2012-12-31 	368 	24
2013-01-01 	368 	25
2013-01-02 	369 	25
2013-01-03 	368 	25
2013-01-04 	368 	26
2013-01-05 	368 	25
2013-01-06 	368 	24
2013-01-07 	368 	24
2013-01-08 	368 	25
2013-01-09 	367 	25
2013-01-10 	369 	48
2013-01-11 	371 	54
2013-01-12 	371 	55
2013-01-13 	372 	56
2013-01-14 	372 	55
2013-01-15 	373 	55
2013-01-16 	373 	54
2013-01-17 	373 	53
2013-01-18 	373 	55
2013-01-19 	373 	55
2013-01-20 	373 	55
2013-01-21 	373 	55
2013-01-22 	373 	55
2013-01-23 	373 	55
2013-01-24 	373 	59
2013-01-25 	373 	59
2013-01-26 	373 	62
2013-01-27 	374 	63
2013-01-28 	374 	67
2013-01-29 	377 	74
2013-01-30 	380 	86
2013-01-31 	380 	91
2013-02-01 	380 	91
2013-02-02 	379 	95
2013-02-03 	379 	95
2013-02-04 	379 	96
2013-02-05 	383 	103
2013-02-06 	391 	111
2013-02-07 	399 	126
2013-02-08 	401 	129
2013-02-09 	401 	119
2013-02-10 	401 	115
2013-02-11 	401 	113
2013-02-12 	401 	112
2013-02-13 	402 	113
2013-02-14 	402 	115
2013-02-15 	402 	114
2013-02-16 	402 	115
2013-02-17 	403 	115
2013-02-18 	404 	116
2013-02-19 	404 	116
2013-02-20 	404 	116
2013-02-21 	404 	118
2013-02-22 	404 	118
2013-02-23 	404 	116
2013-02-24 	404 	116
2013-02-25 	404 	116
2013-02-26 	404 	116
2013-02-27 	405 	117
2013-02-28 	406 	113
2013-03-01 	407 	111
2013-03-02 	407 	107
2013-03-03 	407 	106
2013-03-04 	407 	101
2013-03-05 	409 	103
2013-03-06 	411 	106
2013-03-07 	415 	112
2013-03-08 	417 	111
2013-03-09 	417 	103
2013-03-10 	417 	96
2013-03-11 	420 	91
2013-03-12 	426 	96
2013-03-13 	427 	97
2013-03-14 	428 	99
2013-03-15 	426 	98
2013-03-16 	427 	100
2013-03-17 	428 	100
2013-03-18 	429 	100
2013-03-19 	429 	102
2013-03-20 	430 	105
2013-03-21 	432 	114
2013-03-22 	435 	118
2013-03-23 	435 	117
2013-03-24 	436 	117
2013-03-25 	435 	116
2013-03-26 	435 	115
2013-03-27 	437 	118
2013-03-28 	437 	119
2013-03-29 	438 	119
2013-03-30 	439 	119
2013-03-31 	438 	118
2013-04-01 	437 	118
2013-04-02 	437 	118
2013-04-03 	437 	118
2013-04-04 	437 	114
2013-04-05 	437 	113
2013-04-06 	437 	104
2013-04-07 	438 	99
2013-04-08 	439 	101
2013-04-09 	444 	108
2013-04-10 	447 	111
2013-04-11 	447 	108
2013-04-12 	451 	117
2013-04-13 	454 	122
2013-04-14 	454 	124
2013-04-15 	459 	130
2013-04-16 	461 	152
2013-04-17 	463 	169
2013-04-18 	478 	183
2013-04-19 	478 	187
2013-04-20 	479 	185
2013-04-21 	479 	178
2013-04-22 	479 	176
2013-04-23 	479 	177
2013-04-24 	479 	177
2013-04-25 	480 	179
2013-04-26 	481 	177
2013-04-27 	482 	178
2013-04-28 	482 	178
2013-04-29 	483 	178
2013-04-30 	483 	178
2013-05-01 	485 	180
2013-05-02 	487 	194
2013-05-03 	487 	193
2013-05-04 	487 	193
2013-05-05 	488 	195
2013-05-06 	487 	196
2013-05-07 	487 	196
2013-05-08 	488 	197
2013-05-09 	492 	200
2013-05-10 	493 	198
2013-05-11 	493 	198
2013-05-12 	493 	195
2013-05-13 	493 	193
2013-05-14 	496 	197
2013-05-15 	497 	197
2013-05-16 	497 	179
2013-05-17 	499 	163
2013-05-18 	500 	140
2013-05-19 	500 	125
2013-05-20 	501 	124
2013-05-21 	503 	126
2013-05-22 	503 	125
2013-05-23 	503 	123
2013-05-24 	507 	138
2013-05-25 	511 	138
2013-05-26 	511 	141
2013-05-27 	512 	141
2013-05-28 	513 	144
2013-05-29 	517 	159
2013-05-30 	518 	159
2013-05-31 	521 	161
2013-06-01 	521 	141
2013-06-02 	521 	138
2013-06-03 	522 	140
2013-06-04 	522 	139
2013-06-05 	522 	138
2013-06-06 	522 	136
2013-06-07 	522 	135
2013-06-08 	522 	131
2013-06-09 	523 	131
2013-06-10 	523 	130
2013-06-11 	523 	138
2013-06-12 	523 	138
2013-06-13 	524 	137
2013-06-14 	525 	137
2013-06-15 	527 	139
2013-06-16 	527 	137
2013-06-17 	527 	137
2013-06-18 	527 	137
2013-06-19 	527 	137
2013-06-20 	528 	136
2013-06-21 	528 	136
2013-06-22 	528 	135
2013-06-23 	529 	130
2013-06-24 	529 	127
2013-06-25 	530 	127
2013-06-26 	531 	125
2013-06-27 	531 	117
2013-06-28 	531 	101
2013-06-29 	531 	83
2013-06-30 	532 	71
2013-07-01 	531 	68
2013-07-02 	533 	68
2013-07-03 	533 	73
2013-07-04 	533 	74
2013-07-05 	534 	77
2013-07-06 	533 	80
2013-07-07 	533 	84
2013-07-08 	533 	87
2013-07-09 	534 	88
2013-07-10 	535 	92
2013-07-11 	535 	80
2013-07-12 	535 	81
2013-07-13 	535 	81
2013-07-14 	535 	79
2013-07-15 	535 	76
2013-07-16 	535 	76
2013-07-17 	535 	76
2013-07-18 	536 	75
2013-07-19 	536 	75
2013-07-20 	536 	75
2013-07-21 	535 	74
2013-07-22 	536 	75
2013-07-23 	535 	75
2013-07-24 	538 	78
2013-07-25 	539 	77
2013-07-26 	538 	76
2013-07-27 	538 	75
2013-07-28 	537 	76
2013-07-29 	536 	75
2013-07-30 	536 	74
2013-07-31 	536 	74
2013-08-01 	538 	76
2013-08-02 	538 	72
2013-08-03 	538 	69
2013-08-04 	540 	68
2013-08-05 	540 	59
2013-08-06 	540 	56
2013-08-07 	540 	53
2013-08-08 	539 	47
2013-08-09 	540 	44
2013-08-10 	538 	41
2013-08-11 	539 	33
2013-08-12 	539 	31
2013-08-13 	539 	30
2013-08-14 	541 	32
2013-08-15 	542 	33
2013-08-16 	543 	34
2013-08-17 	543 	33
2013-08-18 	543 	34
2013-08-19 	544 	36
2013-08-20 	546 	41
2013-08-21 	546 	40
2013-08-22 	546 	40
2013-08-23 	546 	36
2013-08-24 	546 	36
2013-08-25 	546 	36
2013-08-26 	547 	37
2013-08-27 	546 	36
2013-08-28 	547 	36
2013-08-29 	547 	36
2013-08-30 	547 	36
2013-08-31 	548 	37
2013-09-01 	548 	38
2013-09-02 	548 	39
2013-09-03 	549 	46
2013-09-04 	549 	46
2013-09-05 	548 	46
2013-09-06 	547 	47
2013-09-07 	548 	55
2013-09-08 	548 	55
2013-09-09 	549 	60
2013-09-10 	549 	64
2013-09-11 	550 	69
2013-09-12 	549 	89
2013-09-13 	552 	99
2013-09-14 	555 	102
2013-09-15 	555 	100
2013-09-16 	554 	98
2013-09-17 	555 	99
2013-09-18 	555 	101
2013-09-19 	556 	100
2013-09-20 	556 	99
2013-09-21 	558 	101
2013-09-22 	557 	102
2013-09-23 	557 	103
2013-09-24 	557 	102
2013-09-25 	557 	106
2013-09-26 	558 	107
2013-09-27 	558 	108
2013-09-28 	557 	110
2013-09-29 	558 	110
2013-09-30 	560 	113
2013-10-01 	560 	114
2013-10-02 	560 	113
2013-10-03 	560 	111
2013-10-04 	563 	116
2013-10-05 	564 	117
2013-10-06 	563 	116
2013-10-07 	563 	114
2013-10-08 	562 	113
2013-10-09 	562 	111
2013-10-10 	562 	106
2013-10-11 	560 	105
2013-10-12 	560 	92
2013-10-13 	559 	80
2013-10-14 	558 	74
2013-10-15 	559 	76
2013-10-16 	560 	77
2013-10-17 	560 	75
2013-10-18 	560 	74
2013-10-19 	560 	69
2013-10-20 	562 	70
2013-10-21 	563 	68
2013-10-22 	564 	68
2013-10-23 	565 	68
2013-10-24 	564 	72
2013-10-25 	565 	71
2013-10-26 	565 	73
2013-10-27 	565 	78
2013-10-28 	565 	76
2013-10-29 	564 	77
2013-10-30 	564 	76
2013-10-31 	566 	77
2013-11-01 	569 	80
2013-11-02 	570 	78
2013-11-03 	570 	73
2013-11-04 	570 	72
2013-11-05 	570 	72
2013-11-06 	572 	71
2013-11-07 	572 	67
2013-11-08 	573 	72
2013-11-09 	575 	75
2013-11-10 	575 	75
2013-11-11 	578 	78
2013-11-12 	579 	78
2013-11-13 	579 	79
2013-11-14 	579 	77
2013-11-15 	579 	79
2013-11-16 	579 	78
2013-11-17 	580 	78
2013-11-18 	581 	80
2013-11-19 	581 	77
2013-11-20 	581 	75
2013-11-21 	581 	72
2013-11-22 	581 	73
2013-11-23 	583 	70
2013-11-24 	584 	68
2013-11-25 	584 	66
2013-11-26 	586 	65
2013-11-27 	584 	71
2013-11-28 	582 	100
2013-11-29 	582 	100
2013-11-30 	584 	104
2013-12-01 	584 	103
2013-12-02 	584 	103
2013-12-03 	585 	105
2013-12-04 	585 	106
2013-12-05 	587 	109
2013-12-06 	588 	114
2013-12-07 	588 	114
2013-12-08 	588 	112
2013-12-09 	590 	114
2013-12-10 	590 	117
2013-12-11 	590 	116
2013-12-12 	591 	125
2013-12-13 	593 	127
2013-12-14 	593 	126
2013-12-15 	593 	125
2013-12-16 	595 	128
2013-12-17 	594 	128
2013-12-18 	594 	126
2013-12-19 	594 	126
2013-12-20 	594 	126
2013-12-21 	594 	126
2013-12-22 	594 	124
2013-12-23 	595 	124
2013-12-24 	595 	124
2013-12-25 	596 	125
2013-12-26 	597 	123
2013-12-27 	597 	122
2013-12-28 	597 	96
2013-12-29 	597 	95
2013-12-30 	598 	92
2013-12-31 	597 	90
2014-01-01 	597 	89
2014-01-02 	597 	90
2014-01-03 	601 	97
2014-01-04 	601 	97
2014-01-05 	603 	98
2014-01-06 	605 	99
2014-01-07 	603 	101
2014-01-08 	603 	99
2014-01-09 	603 	105
2014-01-10 	603 	118
2014-01-11 	604 	109
2014-01-12 	604 	104
2014-01-13 	607 	106
2014-01-14 	610 	113
2014-01-15 	612 	117
2014-01-16 	617 	128
2014-01-17 	619 	131
2014-01-18 	621 	135
2014-01-19 	623 	138
2014-01-20 	623 	139
2014-01-21 	623 	140
2014-01-22 	621 	154
2014-01-23 	622 	168
2014-01-24 	624 	176
2014-01-25 	627 	179
2014-01-26 	628 	181
2014-01-27 	627 	179
2014-01-28 	629 	183
2014-01-29 	630 	185
2014-01-30 	631 	186
2014-01-31 	633 	191
2014-02-01 	634 	191
2014-02-02 	635 	189
2014-02-03 	636 	191
2014-02-04 	639 	196
2014-02-05 	641 	197
2014-02-06 	643 	200
2014-02-07 	643 	198
2014-02-08 	642 	193
2014-02-09 	644 	185
2014-02-10 	644 	181
2014-02-11 	646 	186
2014-02-12 	648 	187
2014-02-13 	648 	181
2014-02-14 	650 	181
2014-02-15 	651 	184
2014-02-16 	651 	181
2014-02-17 	652 	181
2014-02-18 	657 	189
2014-02-19 	658 	193
2014-02-20 	661 	206
2014-02-21 	663 	201
2014-02-22 	663 	193
2014-02-23 	662 	184
2014-02-24 	663 	180
2014-02-25 	664 	182
2014-02-26 	664 	185
2014-02-27 	664 	182
2014-02-28 	664 	182
2014-03-01 	665 	183
2014-03-02 	665 	175
2014-03-05 	675 	186
2014-03-06 	678 	194
2014-03-07 	681 	198
2014-03-08 	683 	197
2014-03-09 	683 	196
2014-03-10 	688 	201
2014-03-11 	688 	201
2014-03-12 	688 	200
2014-03-13 	693 	196
2014-03-14 	695 	200
2014-03-15 	696 	201
2014-03-16 	698 	198
2014-03-17 	700 	198
2014-03-18 	706 	204
2014-03-19 	711 	218
2014-03-20 	714 	222
2014-03-21 	718 	222
2014-03-22 	718 	208
2014-03-23 	719 	201
2014-03-24 	718 	200
2014-03-25 	721 	203
2014-03-26 	723 	212
2014-03-27 	725 	207
2014-03-28 	725 	205
2014-03-29 	725 	205
2014-03-30 	725 	205
2014-03-31 	725 	207
2014-04-01 	726 	208
2014-04-02 	726 	208
2014-04-03 	725 	208
2014-04-04 	726 	209
2014-04-05 	725 	206
2014-04-06 	728 	203
2014-04-07 	729 	208
2014-04-08 	729 	209
2014-04-09 	730 	208
2014-04-10 	731 	213
2014-04-11 	732 	218
2014-04-12 	733 	216
2014-04-13 	734 	214
2014-04-14 	734 	213
2014-04-15 	734 	216
2014-04-16 	734 	214
2014-04-17 	736 	214
2014-04-18 	738 	200
2014-04-19 	739 	194
2014-04-20 	739 	179
2014-04-21 	741 	175
2014-04-22 	741 	179
2014-04-23 	744 	179
2014-04-24 	743 	186
2014-04-25 	747 	186
2014-04-26 	747 	182
2014-04-27 	747 	180
2014-04-28 	747 	177
2014-04-29 	748 	177
2014-04-30 	748 	178
2014-05-01 	748 	175
2014-05-02 	748 	175
2014-05-03 	748 	172
2014-05-04 	750 	174
2014-05-05 	750 	174
2014-05-06 	750 	176
2014-05-07 	750 	171
2014-05-08 	751 	170
2014-05-09 	751 	166
2014-05-10 	751 	159
2014-05-11 	751 	156
2014-05-12 	751 	157
2014-05-13 	754 	164
2014-05-14 	757 	169
2014-05-15 	759 	170
2014-05-16 	759 	167
2014-05-17 	759 	167
2014-05-18 	760 	165
2014-05-19 	764 	169
2014-05-20 	769 	176
2014-05-21 	771 	179
2014-05-22 	776 	201
2014-05-23 	779 	207
2014-05-24 	781 	199
2014-05-25 	781 	187
2014-05-26 	781 	182
2014-05-27 	781 	185
2014-05-28 	782 	184
2014-05-29 	782 	184
2014-05-30 	782 	183
2014-05-31 	784 	186
2014-06-01 	784 	187
2014-06-02 	787 	190
2014-06-03 	788 	192
2014-06-04 	788 	191
2014-06-05 	788 	190
2014-06-06 	788 	190
2014-06-07 	789 	190
2014-06-08 	789 	191
2014-06-09 	789 	190
2014-06-10 	789 	188
2014-06-11 	790 	189
2014-06-12 	792 	188
2014-06-13 	792 	182
2014-06-14 	792 	179
2014-06-15 	792 	176
2014-06-16 	793 	174
2014-06-17 	794 	175
2014-06-18 	795 	169
2014-06-19 	796 	181
2014-06-20 	802 	193
2014-06-21 	805 	192
2014-06-22 	807 	187
2014-06-23 	808 	182
2014-06-24 	811 	187
2014-06-25 	813 	195
2014-06-26 	816 	209
2014-06-27 	817 	213
2014-06-28 	818 	213
2014-06-29 	818 	214
2014-06-30 	820 	214
2014-07-01 	821 	217
2014-07-02 	820 	216
2014-07-03 	822 	218
2014-07-04 	822 	219
2014-07-05 	822 	220
2014-07-06 	822 	221
2014-07-07 	822 	221
2014-07-08 	823 	222
2014-07-09 	823 	222
2014-07-10 	826 	225
2014-07-11 	826 	222
2014-07-12 	826 	218
2014-07-13 	825 	219
2014-07-14 	826 	219
2014-07-15 	825 	218
2014-07-16 	827 	219
2014-07-17 	827 	219
2014-07-18 	829 	221
2014-07-19 	829 	199
2014-07-20 	829 	185
2014-07-21 	829 	161
2014-07-22 	829 	157
2014-07-23 	832 	154
2014-07-24 	832 	148
2014-07-25 	832 	136
2014-07-26 	832 	118
2014-07-27 	832 	95
2014-07-28 	833 	81
2014-07-29 	834 	80
2014-07-30 	832 	79
2014-07-31 	835 	74
2014-08-01 	836 	74
2014-08-02 	836 	72
2014-08-03 	836 	67
2014-08-04 	836 	70
2014-08-05 	837 	71
2014-08-06 	837 	71
2014-08-07 	837 	70
2014-08-08 	837 	71
2014-08-09 	837 	67
2014-08-10 	836 	64
2014-08-11 	836 	63
2014-08-12 	836 	62
2014-08-13 	837 	63
2014-08-14 	837 	62
2014-08-15 	836 	59
2014-08-16 	836 	54
2014-08-17 	835 	51
2014-08-18 	835 	48
2014-08-19 	833 	48
2014-08-20 	833 	49
2014-08-21 	834 	50
2014-08-22 	833 	47
2014-08-23 	833 	48
2014-08-24 	833 	47
2014-08-25 	833 	47
2014-08-26 	833 	48
2014-08-27 	835 	59
2014-08-28 	834 	59
2014-08-29 	835 	61
2014-08-30 	834 	60
2014-08-31 	834 	58
2014-09-01 	836 	87
2014-09-02 	840 	113
2014-09-03 	840 	119
2014-09-04 	841 	131
2014-09-05 	842 	135
2014-09-06 	842 	137
2014-09-07 	842 	136
2014-09-08 	842 	140
2014-09-09 	840 	140
2014-09-10 	840 	141
2014-09-11 	841 	141
2014-09-12 	841 	145
2014-09-13 	843 	149
2014-09-14 	844 	149
2014-09-15 	843 	150
2014-09-16 	843 	151
2014-09-17 	843 	153
2014-09-18 	844 	156
2014-09-19 	846 	162
2014-09-20 	846 	168
2014-09-21 	845 	171
2014-09-22 	847 	177
2014-09-23 	850 	183
2014-09-24 	849 	198
2014-09-25 	853 	213
2014-09-26 	854 	217
2014-09-27 	855 	221
2014-09-28 	858 	223
2014-09-29 	859 	226
2014-09-30 	864 	232
2014-10-01 	864 	222
2014-10-02 	865 	220
2014-10-03 	866 	215
2014-10-04 	866 	211
2014-10-05 	867 	209
2014-10-06 	868 	210
2014-10-07 	868 	209
2014-10-08 	871 	222
2014-10-09 	871 	221
2014-10-10 	873 	224
2014-10-11 	874 	222
2014-10-12 	875 	222
2014-10-13 	881 	233
2014-10-14 	882 	240
2014-10-15 	883 	243
2014-10-16 	883 	242
2014-10-17 	884 	243
2014-10-18 	884 	244
2014-10-19 	886 	243
2014-10-20 	886 	240
2014-10-21 	889 	241
2014-10-22 	890 	237
2014-10-23 	890 	237
2014-10-24 	891 	229
2014-10-25 	890 	211
2014-10-26 	891 	191
2014-10-27 	891 	182
2014-10-28 	892 	181
2014-10-29 	891 	192
2014-10-30 	894 	192
2014-10-31 	894 	192
2014-11-01 	895 	185
2014-11-02 	897 	184
2014-11-03 	897 	183
2014-11-04 	897 	185
2014-11-05 	897 	185
2014-11-06 	898 	185
2014-11-07 	899 	182
2014-11-08 	899 	183
2014-11-09 	899 	182
2014-11-10 	900 	184
2014-11-11 	903 	190
2014-11-12 	904 	178
2014-11-13 	905 	167
2014-11-14 	907 	161
2014-11-15 	907 	166
2014-11-16 	907 	170
2014-11-17 	905 	173
2014-11-18 	905 	175
2014-11-19 	906 	177
2014-11-20 	909 	188
2014-11-21 	910 	187
2014-11-22 	910 	187
2014-11-23 	910 	188
2014-11-24 	911 	191
2014-11-25 	911 	193
2014-11-26 	914 	197
2014-11-27 	911 	216
2014-11-28 	912 	218
2014-11-29 	912 	213
2014-11-30 	913 	214
2014-12-01 	914 	212
2014-12-02 	914 	211
2014-12-03 	915 	209
2014-12-04 	919 	214
2014-12-05 	919 	213
2014-12-06 	920 	211
2014-12-07 	922 	210
2014-12-08 	922 	209
2014-12-09 	923 	211
2014-12-10 	923 	213
2014-12-11 	923 	215
2014-12-12 	923 	216
2014-12-13 	923 	220
2014-12-14 	924 	220
2014-12-15 	924 	220
2014-12-16 	926 	224
2014-12-17 	927 	222
2014-12-18 	928 	228
2014-12-19 	929 	228
2014-12-20 	930 	217
2014-12-21 	929 	208
2014-12-22 	929 	206
2014-12-23 	929 	206
2014-12-24 	929 	203
2014-12-25 	929 	199
2014-12-26 	929 	196
2014-12-27 	931 	175
2014-12-28 	930 	170
2014-12-29 	930 	168
2014-12-30 	930 	166
2014-12-31 	931 	166
2015-01-01 	933 	167
2015-01-02 	933 	166
2015-01-03 	934 	165
2015-01-04 	935 	165
2015-01-05 	936 	164
2015-01-06 	935 	159
2015-01-07 	935 	182
2015-01-08 	938 	181
2015-01-09 	937 	178
2015-01-10 	937 	175
2015-01-11 	938 	175
2015-01-12 	942 	174
2015-01-13 	943 	182
2015-01-14 	944 	182
2015-01-21 	955 	197
2015-01-22 	955 	199
2015-01-23 	957 	203
2015-01-24 	957 	203
2015-01-25 	957 	204
2015-01-26 	957 	205
2015-01-27 	959 	207
2015-01-28 	960 	209
2015-01-29 	962 	213
2015-01-30 	964 	215
2015-01-31 	965 	214
2015-02-01 	966 	213
2015-02-02 	966 	215
2015-02-03 	964 	213
2015-02-04 	965 	227
2015-02-05 	966 	232
2015-02-06 	968 	219
2015-02-07 	967 	217
2015-02-08 	967 	215
2015-02-09 	968 	215
2015-02-10 	970 	216
2015-02-11 	973 	220
2015-02-12 	977 	216
2015-02-13 	980 	217
2015-02-14 	981 	218
2015-02-15 	982 	217
2015-02-16 	983 	214
2015-02-17 	986 	217
2015-02-18 	991 	221
2015-02-19 	992 	233
2015-02-20 	993 	231
2015-02-21 	993 	224
2015-02-22 	994 	219
2015-02-23 	995 	218
2015-02-24 	995 	217
2015-02-25 	996 	217
2015-02-26 	997 	215
2015-02-27 	999 	215
2015-02-28 	999 	209
2015-03-01 	999 	209
2015-03-02 	999 	209
2015-03-03 	1000 	211
2015-03-04 	1000 	210
2015-03-05 	1002 	212
2015-03-06 	1005 	198
2015-03-07 	1007 	194
2015-03-08 	1007 	190
2015-03-09 	1008 	190
2015-03-10 	1008 	189
2015-03-11 	1010 	190
2015-03-12 	1010 	192
2015-03-13 	1010 	185
2015-03-14 	1013 	182
2015-03-15 	1015 	184
2015-03-16 	1014 	180
2015-03-17 	1014 	177
2015-03-18 	1017 	191
2015-03-19 	1018 	195
2015-03-20 	1019 	194
2015-03-21 	1022 	188
2015-03-22 	1023 	177
2015-03-23 	1024 	175
2015-03-24 	1026 	187
2015-03-25 	1028 	190
2015-03-26 	1029 	202
2015-03-27 	1031 	209
2015-03-28 	1031 	211
2015-03-29 	1030 	209
2015-03-30 	1031 	212
2015-03-31 	1032 	213
2015-04-01 	1033 	214
2015-04-02 	1033 	212
2015-04-03 	1033 	212
2015-04-04 	1034 	210
2015-04-05 	1034 	208
2015-04-06 	1035 	206
2015-04-07 	1036 	209
2015-04-08 	1038 	211
2015-04-09 	1040 	213
2015-04-10 	1042 	212
2015-04-11 	1043 	221
2015-04-12 	1043 	222
2015-04-13 	1044 	226
2015-04-14 	1043 	225
2015-04-15 	1046 	230
2015-04-16 	1049 	237
2015-04-17 	1052 	232
2015-04-18 	1053 	228
2015-04-19 	1053 	224
2015-04-20 	1056 	221
2015-04-21 	1056 	220
2015-04-22 	1058 	218
2015-04-23 	1058 	212
2015-04-24 	1059 	207
2015-04-25 	1060 	198
2015-04-26 	1060 	191
2015-04-27 	1059 	187
2015-04-28 	1064 	186
2015-04-29 	1064 	184
2015-04-30 	1065 	182
2015-05-01 	1065 	179
2015-05-02 	1066 	179
2015-05-03 	1066 	180
2015-05-04 	1067 	180
2015-05-05 	1068 	177
2015-05-06 	1069 	180
2015-05-07 	1071 	205
2015-05-08 	1074 	204
2015-05-09 	1076 	206
2015-05-10 	1076 	203
2015-05-11 	1077 	195
2015-05-12 	1078 	199
2015-05-13 	1079 	196
2015-05-14 	1080 	186
2015-05-15 	1081 	180
2015-05-16 	1083 	182
2015-05-17 	1084 	170
2015-05-18 	1083 	172
2015-05-19 	1083 	174
2015-05-20 	1087 	180
2015-05-21 	1088 	194
2015-05-22 	1093 	206
2015-05-23 	1093 	208
2015-05-24 	1093 	207
2015-05-25 	1093 	207
2015-05-26 	1094 	209
2015-05-27 	1094 	208
2015-05-28 	1095 	210
2015-05-29 	1097 	213
2015-05-30 	1101 	215
2015-05-31 	1102 	216
2015-06-01 	1103 	214
2015-06-02 	1107 	219
2015-06-03 	1108 	219
2015-06-04 	1107 	221
2015-06-05 	1107 	220
2015-06-06 	1107 	192
2015-06-07 	1109 	192
2015-06-08 	1110 	192
2015-06-09 	1109 	217
2015-06-10 	1110 	220
2015-06-11 	1114 	220
2015-06-12 	1116 	220
2015-06-13 	1116 	218
2015-06-14 	1119 	220
2015-06-15 	1121 	217
2015-06-16 	1124 	219
2015-06-17 	1127 	220
2015-06-18 	1130 	229
2015-06-19 	1130 	229
2015-06-20 	1132 	218
2015-06-21 	1133 	202
2015-06-22 	1135 	195
2015-06-23 	1135 	194
2015-06-24 	1137 	193
2015-06-25 	1137 	188
2015-06-26 	1139 	188
2015-06-27 	1140 	187
2015-06-28 	1141 	185
2015-06-29 	1143 	183
2015-06-30 	1142 	182
2015-07-01 	1142 	186
2015-07-02 	1144 	209
2015-07-03 	1144 	208
2015-07-04 	1144 	208
2015-07-05 	1144 	207
2015-07-06 	1144 	207
2015-07-07 	1145 	208
2015-07-08 	1149 	212
2015-07-09 	1151 	198
2015-07-10 	1154 	199
2015-07-11 	1154 	205
2015-07-12 	1156 	207
2015-07-13 	1158 	215
2015-07-14 	1161 	217
2015-07-15 	1164 	224
2015-07-16 	1164 	232
2015-07-17 	1165 	237
2015-07-18 	1165 	225
2015-07-19 	1166 	218
2015-07-20 	1167 	221
2015-07-21 	1167 	221
2015-07-22 	1168 	220
2015-07-23 	1169 	220
2015-07-24 	1168 	218
2015-07-25 	1167 	217
2015-07-26 	1170 	220
2015-07-27 	1170 	220
2015-07-28 	1172 	222
2015-07-29 	1175 	224
2015-07-30 	1177 	227
2015-07-31 	1179 	225
2015-08-01 	1180 	202
2015-08-02 	1182 	199
2015-08-03 	1183 	203
2015-08-04 	1183 	203
2015-08-05 	1183 	200
2015-08-06 	1183 	195
2015-08-07 	1183 	188
2015-08-08 	1184 	185
2015-08-09 	1184 	178
2015-08-10 	1186 	172
2015-08-11 	1186 	173
2015-08-12 	1186 	166
2015-08-13 	1187 	167
2015-08-14 	1187 	162
2015-08-15 	1188 	143
2015-08-16 	1189 	122
2015-08-17 	1191 	110
2015-08-18 	1192 	107
2015-08-19 	1191 	106
2015-08-20 	1193 	105
2015-08-21 	1194 	104
2015-08-22 	1195 	98
2015-08-23 	1196 	94
2015-08-24 	1196 	94
2015-08-25 	1198 	92
2015-08-26 	1199 	90
2015-08-27 	1197 	89
2015-08-28 	1198 	85
2015-08-29 	1199 	84
2015-08-30 	1197 	82
2015-08-31 	1197 	82
2015-09-01 	1194 	86
2015-09-02 	1194 	83
2015-09-03 	1194 	82
2015-09-04 	1195 	83
2015-09-05 	1197 	83
2015-09-06 	1197 	81
2015-09-07 	1198 	80
2015-09-08 	1196 	80
2015-09-09 	1194 	77
2015-09-10 	1195 	76
2015-09-11 	1203 	142
2015-09-12 	1202 	153
2015-09-13 	1203 	162
2015-09-14 	1204 	170
2015-09-15 	1205 	175
2015-09-16 	1205 	178
2015-09-17 	1205 	192
2015-09-18 	1208 	202
2015-09-19 	1209 	205
2015-09-20 	1210 	209
2015-09-21 	1211 	215
2015-09-22 	1215 	242
2015-09-23 	1216 	248
2015-09-24 	1218 	248
2015-09-25 	1218 	248
2015-09-26 	1218 	250
2015-09-27 	1218 	248
2015-09-28 	1218 	247
2015-09-29 	1219 	246
2015-09-30 	1221 	250
2015-10-01 	1225 	257
2015-10-02 	1225 	258
2015-10-03 	1225 	261
2015-10-04 	1223 	260
2015-10-05 	1223 	261
2015-10-06 	1224 	263
2015-10-07 	1224 	266
2015-10-08 	1227 	268
2015-10-09 	1227 	269
2015-10-10 	1228 	267
2015-10-11 	1228 	243
2015-10-12 	1228 	240
2015-10-13 	1229 	234
2015-10-14 	1229 	227
2015-10-15 	1230 	228
2015-10-16 	1239 	269
2015-10-17 	1243 	273
2015-10-18 	1248 	273
2015-10-19 	1250 	276
2015-10-20 	1251 	281
2015-10-21 	1252 	281
2015-10-22 	1253 	264
2015-10-23 	1257 	259
2015-10-24 	1258 	258
2015-10-25 	1258 	257
2015-10-26 	1258 	255
2015-10-27 	1258 	252
2015-10-28 	1261 	252
2015-10-29 	1261 	251
2015-10-30 	1262 	251
2015-10-31 	1261 	247
2015-11-01 	1262 	245
2015-11-02 	1263 	243
2015-11-03 	1264 	243
2015-11-04 	1261 	243
2015-11-05 	1261 	244
2015-11-06 	1266 	250
2015-11-07 	1266 	254
2015-11-08 	1266 	256
2015-11-09 	1268 	258
2015-11-10 	1269 	264
2015-11-11 	1268 	261
2015-11-12 	1270 	262
2015-11-13 	1271 	264
2015-11-14 	1271 	268
2015-11-15 	1272 	232
2015-11-16 	1272 	223
2015-11-17 	1273 	222
2015-11-18 	1273 	216
2015-11-19 	1276 	267
2015-11-20 	1277 	270
2015-11-21 	1280 	262
2015-11-22 	1282 	249
2015-11-23 	1284 	254
2015-11-24 	1285 	258
2015-11-25 	1290 	267
2015-11-26 	1291 	278
2015-11-27 	1291 	282
2015-11-28 	1292 	282
2015-11-29 	1293 	281
2015-11-30 	1292 	283
2015-12-01 	1293 	287
2015-12-02 	1293 	287
2015-12-03 	1296 	289
2015-12-04 	1298 	289
2015-12-05 	1298 	287
2015-12-06 	1299 	286
2015-12-07 	1299 	284
2015-12-08 	1298 	282
2015-12-09 	1300 	282
2015-12-10 	1303 	282
2015-12-11 	1306 	305
2015-12-12 	1307 	313
2015-12-13 	1307 	314
2015-12-14 	1310 	317
2015-12-15 	1312 	324
2015-12-16 	1316 	333
2015-12-17 	1321 	342
2015-12-18 	1323 	346
2015-12-19 	1328 	320
2015-12-20 	1328 	314
2015-12-21 	1332 	312
2015-12-22 	1332 	308
2015-12-23 	1334 	308
2015-12-24 	1336 	307
2015-12-25 	1336 	299
2015-12-26 	1336 	275
2015-12-27 	1336 	256
2015-12-28 	1337 	256
2015-12-29 	1337 	257
2015-12-30 	1338 	255
2015-12-31 	1337 	250
2016-01-01 	1338 	249
2016-01-02 	1338 	248
2016-01-03 	1337 	246
2016-01-04 	1337 	247
2016-01-05 	1337 	246
2016-01-06 	1339 	248
2016-01-07 	1339 	250
2016-01-08 	1339 	251
2016-01-09 	1338 	250
2016-01-10 	1338 	204
2016-01-11 	1340 	193
2016-01-12 	1339 	187
2016-01-13 	1341 	191
2016-01-14 	1352 	255
2016-01-15 	1355 	250
2016-01-16 	1356 	241
2016-01-17 	1357 	231
2016-01-18 	1360 	226
2016-01-19 	1359 	234
2016-01-20 	1360 	234
2016-01-21 	1362 	256
2016-01-22 	1366 	264
2016-01-23 	1368 	266
2016-01-24 	1369 	269
2016-01-25 	1370 	269
2016-01-26 	1373 	277
2016-01-27 	1378 	283
2016-01-28 	1379 	288
2016-01-29 	1380 	290
2016-01-30 	1380 	294
2016-01-31 	1381 	294
2016-02-01 	1383 	296
2016-02-02 	1382 	298
2016-02-03 	1384 	301
2016-02-04 	1387 	305
2016-02-05 	1388 	307
2016-02-06 	1389 	307
2016-02-07 	1389 	304
2016-02-08 	1389 	303
2016-02-09 	1390 	306
2016-02-10 	1390 	306
2016-02-11 	1390 	305
2016-02-12 	1390 	304
2016-02-13 	1390 	248
2016-02-14 	1391 	244
2016-02-15 	1395 	270
2016-02-16 	1406 	306
2016-02-17 	1405 	308
2016-02-18 	1409 	316
2016-02-19 	1410 	318
2016-02-20 	1410 	303
2016-02-21 	1411 	288
2016-02-22 	1412 	285
2016-02-23 	1412 	281
2016-02-24 	1419 	287
2016-02-25 	1422 	284
2016-02-26 	1424 	285
2016-02-27 	1425 	284
2016-02-28 	1426 	284
2016-02-29 	1425 	280
2016-03-01 	1428 	282
2016-03-02 	1431 	284
2016-03-03 	1432 	284
2016-03-04 	1434 	283
2016-03-05 	1433 	292
2016-03-06 	1432 	295
2016-03-07 	1434 	300
2016-03-08 	1435 	304
2016-03-09 	1439 	313
2016-03-10 	1439 	312
2016-03-11 	1438 	313
2016-03-12 	1441 	321
2016-03-13 	1443 	328
2016-03-14 	1449 	341
2016-03-15 	1453 	351
2016-03-16 	1456 	337
2016-03-17 	1457 	331
2016-03-18 	1456 	328
2016-03-19 	1454 	324
2016-03-20 	1452 	312
2016-03-21 	1454 	300
2016-03-22 	1456 	304
2016-03-23 	1457 	303
2016-03-24 	1461 	304
2016-03-25 	1461 	302
2016-03-26 	1460 	299
2016-03-27 	1461 	298
2016-03-28 	1462 	296
2016-03-29 	1462 	296
2016-03-30 	1462 	297
2016-03-31 	1462 	293
2016-04-01 	1463 	294
2016-04-02 	1464 	292
2016-04-03 	1465 	293
2016-04-04 	1464 	279
2016-04-05 	1464 	276
2016-04-06 	1465 	271
2016-04-07 	1468 	274
2016-04-08 	1468 	272
2016-04-09 	1469 	269
2016-04-10 	1470 	264
2016-04-11 	1471 	249
2016-04-12 	1472 	260
2016-04-13 	1480 	263
2016-04-14 	1480 	249
2016-04-15 	1481 	242
2016-04-16 	1484 	234
2016-04-17 	1484 	219
2016-04-18 	1485 	221
2016-04-19 	1484 	247
2016-04-20 	1484 	255
2016-04-21 	1488 	282
2016-04-22 	1492 	293
2016-04-23 	1496 	295
2016-04-24 	1496 	297
2016-04-25 	1498 	298
2016-04-26 	1500 	303
2016-04-27 	1501 	304
2016-04-28 	1503 	308
2016-04-29 	1505 	309
2016-04-30 	1505 	308
2016-05-01 	1508 	311
2016-05-02 	1507 	311
2016-05-03 	1509 	314
2016-05-04 	1512 	317
2016-05-05 	1512 	316
2016-05-06 	1512 	314
2016-05-07 	1513 	312
2016-05-08 	1515 	313
2016-05-09 	1515 	312
2016-05-10 	1516 	313
2016-05-11 	1517 	333
2016-05-12 	1522 	334
2016-05-13 	1523 	335
2016-05-14 	1527 	350
2016-05-15 	1527 	349
2016-05-16 	1531 	347
2016-05-17 	1534 	352
2016-05-18 	1537 	350
2016-05-19 	1540 	352
2016-05-20 	1544 	352
2016-05-21 	1546 	329
2016-05-22 	1546 	311
2016-05-23 	1546 	305
2016-05-24 	1546 	303
2016-05-25 	1547 	304
2016-05-26 	1547 	301
2016-05-27 	1548 	304
2016-05-28 	1551 	306
2016-05-29 	1551 	305
2016-05-30 	1551 	305
2016-05-31 	1552 	305
2016-06-01 	1568 	365
2016-06-02 	1568 	365
2016-06-03 	1569 	364
2016-06-04 	1572 	366
2016-06-05 	1571 	366
2016-06-06 	1572 	368
2016-06-07 	1576 	374
2016-06-08 	1580 	377
2016-06-09 	1581 	376
2016-06-10 	1581 	362
2016-06-11 	1581 	362
2016-06-12 	1584 	359
2016-06-13 	1587 	354
2016-06-14 	1590 	359
2016-06-15 	1592 	378
2016-06-16 	1593 	384
2016-06-17 	1596 	383
2016-06-18 	1596 	370
2016-06-19 	1595 	364
2016-06-20 	1597 	363
2016-06-21 	1598 	364
2016-06-22 	1598 	366
2016-06-23 	1599 	367
2016-06-24 	1600 	360
2016-06-25 	1600 	360
2016-06-26 	1600 	357
2016-06-27 	1600 	354
2016-06-28 	1600 	357
2016-06-29 	1600 	362
2016-06-30 	1600 	361
2016-07-01 	1601 	296
2016-07-02 	1601 	291
2016-07-03 	1603 	289
2016-07-04 	1604 	288
2016-07-05 	1604 	289
2016-07-06 	1603 	289
2016-07-07 	1603 	282
2016-07-08 	1603 	278
2016-07-09 	1605 	282
2016-07-10 	1605 	278
2016-07-11 	1605 	269
2016-07-12 	1606 	267
2016-07-13 	1607 	259
2016-07-14 	1609 	256
2016-07-15 	1609 	234
2016-07-16 	1612 	214
2016-07-17 	1613 	194
2016-07-18 	1614 	174
2016-07-19 	1614 	171
2016-07-20 	1614 	175
2016-07-21 	1613 	177
2016-07-22 	1613 	184
2016-07-23 	1614 	197
2016-07-24 	1613 	203
2016-07-25 	1613 	215
2016-07-26 	1616 	238
2016-07-27 	1618 	246
2016-07-28 	1621 	261
2016-07-29 	1624 	260
2016-07-30 	1625 	260
2016-07-31 	1625 	259
2016-08-01 	1627 	261
2016-08-02 	1630 	261
2016-08-03 	1633 	262
2016-08-04 	1633 	262
2016-08-05 	1633 	262
2016-08-06 	1633 	261
2016-08-07 	1634 	261
2016-08-08 	1634 	255
2016-08-09 	1634 	255
2016-08-10 	1634 	256
2016-08-11 	1633 	252
2016-08-12 	1633 	253
2016-08-13 	1634 	251
2016-08-14 	1636 	235
2016-08-15 	1635 	223
2016-08-16 	1636 	220
2016-08-17 	1635 	221
2016-08-18 	1636 	217
2016-08-19 	1636 	211
2016-08-20 	1634 	208
2016-08-21 	1634 	201
2016-08-22 	1633 	190
2016-08-23 	1633 	188
2016-08-24 	1634 	181
2016-08-25 	1634 	170
2016-08-26 	1633 	145
2016-08-27 	1633 	115
2016-08-28 	1635 	90
2016-08-29 	1634 	81
2016-08-30 	1634 	85
2016-08-31 	1633 	75
2016-09-01 	1634 	78
2016-09-02 	1634 	75
2016-09-03 	1637 	80
2016-09-04 	1637 	75
2016-09-05 	1636 	78
2016-09-06 	1636 	80
2016-09-07 	1638 	85
2016-09-08 	1642 	97
2016-09-09 	1645 	187
2016-09-10 	1645 	216
2016-09-11 	1661 	252
2016-09-12 	1666 	265
2016-09-13 	1683 	293
2016-09-14 	1693 	313
2016-09-15 	1703 	337
2016-09-16 	1711 	350
2016-09-17 	1713 	349
2016-09-18 	1715 	353
2016-09-19 	1715 	351
2016-09-20 	1716 	352
2016-09-21 	1718 	355
2016-09-22 	1723 	360
2016-09-23 	1723 	360
2016-09-24 	1724 	361
2016-09-25 	1723 	362
2016-09-26 	1724 	365
2016-09-27 	1723 	367
2016-09-28 	1724 	372
2016-09-29 	1723 	373
2016-09-30 	1725 	376
2016-10-01 	1726 	372
2016-10-02 	1727 	373
2016-10-03 	1727 	371
2016-10-04 	1729 	373
2016-10-05 	1729 	375
2016-10-06 	1729 	375
2016-10-07 	1731 	377
2016-10-08 	1732 	377
2016-10-09 	1731 	334
2016-10-10 	1735 	323
2016-10-11 	1737 	308
2016-10-12 	1738 	300
2016-10-13 	1738 	276
2016-10-14 	1740 	258
2016-10-15 	1740 	218
2016-10-16 	1740 	151
2016-10-17 	1743 	192
2016-10-18 	1750 	238
2016-10-19 	1751 	269
2016-10-20 	1751 	299
2016-10-21 	1754 	307
2016-10-22 	1757 	316
2016-10-23 	1761 	322
2016-10-24 	1762 	323
2016-10-25 	1767 	331
2016-10-26 	1768 	335
2016-10-27 	1771 	339
2016-10-28 	1772 	336
2016-10-29 	1774 	336
2016-10-30 	1775 	335
2016-10-31 	1775 	336
2016-11-01 	1779 	340
2016-11-02 	1779 	340
2016-11-03 	1779 	340
2016-11-04 	1779 	339
2016-11-05 	1779 	342
2016-11-06 	1778 	339
2016-11-07 	1780 	338
2016-11-08 	1782 	341
2016-11-09 	1784 	345
2016-11-10 	1785 	364
2016-11-11 	1785 	365
2016-11-12 	1787 	372
2016-11-13 	1789 	377
2016-11-14 	1793 	401
2016-11-15 	1808 	429
2016-11-16 	1813 	420
2016-11-17 	1816 	411
2016-11-18 	1820 	397
2016-11-19 	1822 	379
2016-11-20 	1824 	362
2016-11-21 	1825 	347
2016-11-22 	1826 	341
2016-11-23 	1827 	339
2016-11-24 	1827 	337
2016-11-25 	1829 	333
2016-11-26 	1829 	326
2016-11-27 	1830 	327
2016-11-28 	1830 	325
2016-11-29 	1830 	325
2016-11-30 	1831 	326
2016-12-01 	1833 	327
2016-12-02 	1831 	326
2016-12-03 	1832 	326
2016-12-04 	1833 	325
2016-12-05 	1833 	323
2016-12-06 	1833 	324
2016-12-07 	1833 	322
2016-12-08 	1834 	321
2016-12-09 	1836 	315
2016-12-10 	1837 	296
2016-12-11 	1838 	293
2016-12-12 	1837 	289
2016-12-13 	1840 	312
2016-12-14 	1840 	299
2016-12-15 	1840 	291
2016-12-16 	1841 	283
2016-12-17 	1843 	274
2016-12-18 	1842 	245
2016-12-19 	1844 	243
2016-12-20 	1850 	251
2016-12-21 	1857 	263
2016-12-22 	1859 	268
2016-12-23 	1861 	271
2016-12-24 	1862 	270
2016-12-25 	1862 	266
2016-12-26 	1862 	266
2016-12-27 	1862 	265
2016-12-28 	1863 	264
2016-12-29 	1864 	266
2016-12-30 	1865 	268
2016-12-31 	1866 	267
2017-01-01 	1865 	267
2017-01-02 	1864 	268
2017-01-03 	1869 	275
2017-01-04 	1871 	283
2017-01-05 	1872 	285
2017-01-06 	1874 	287
2017-01-07 	1876 	287
2017-01-08 	1876 	280
2017-01-09 	1877 	273
2017-01-10 	1879 	283
2017-01-11 	1879 	284
2017-01-12 	1878 	251
2017-01-13 	1878 	241
2017-01-14 	1877 	239
2017-01-15 	1877 	237
2017-01-16 	1879 	222
2017-01-17 	1882 	218
2017-01-18 	1883 	210
2017-01-19 	1883 	221
2017-01-20 	1885 	240
2017-01-21 	1887 	219
2017-01-22 	1887 	201
2017-01-23 	1889 	209
2017-01-24 	1889 	217
2017-01-25 	1893 	226
2017-01-26 	1893 	231
2017-01-27 	1894 	233
2017-01-28 	1895 	233
2017-01-29 	1895 	230
2017-01-30 	1895 	233
2017-01-31 	1896 	237
2017-02-01 	1896 	238
2017-02-02 	1896 	232
2017-02-03 	1894 	227
2017-02-04 	1895 	230
2017-02-05 	1895 	229
2017-02-06 	1898 	234
2017-02-07 	1899 	237
2017-02-08 	1900 	241
2017-02-09 	1903 	239
2017-02-10 	1904 	272
2017-02-11 	1904 	286
2017-02-12 	1904 	292
2017-02-13 	1906 	316
2017-02-14 	1908 	333
2017-02-15 	1911 	346
2017-02-16 	1914 	361
2017-02-17 	1918 	369
2017-02-18 	1919 	360
2017-02-19 	1922 	352
2017-02-20 	1923 	343
2017-02-21 	1924 	336
2017-02-22 	1924 	327
2017-02-23 	1923 	323
2017-02-24 	1924 	317
2017-02-25 	1925 	316
2017-02-26 	1927 	315
2017-02-27 	1927 	315
2017-02-28 	1927 	316
2017-03-01 	1928 	317
2017-03-02 	1928 	318
2017-03-03 	1929 	317
2017-03-04 	1930 	319
2017-03-05 	1929 	320
2017-03-06 	1932 	319
2017-03-07 	1937 	324
2017-03-08 	1938 	322
2017-03-09 	1939 	344
2017-03-10 	1942 	350
2017-03-11 	1941 	354
2017-03-12 	1941 	333
2017-03-13 	1944 	332
2017-03-14 	1946 	341
2017-03-15 	1953 	340
2017-03-16 	1960 	359
2017-03-17 	1963 	365
2017-03-18 	1965 	363
2017-03-19 	1965 	348
2017-03-20 	1965 	342
2017-03-21 	1967 	344
2017-03-22 	1969 	349
2017-03-23 	1970 	351
2017-03-24 	1971 	349
2017-03-25 	1971 	345
2017-03-26 	1971 	345
2017-03-27 	1974 	345
2017-03-28 	1975 	341
2017-03-29 	1975 	343
2017-03-30 	1977 	344
2017-03-31 	1982 	352
2017-04-01 	1983 	353
2017-04-02 	1984 	354
2017-04-03 	1985 	360
2017-04-04 	1991 	369
2017-04-05 	1991 	373
2017-04-06 	1992 	382
2017-04-07 	1995 	394
2017-04-08 	1999 	380
2017-04-09 	1999 	376
2017-04-10 	1998 	369
2017-04-11 	1998 	368
2017-04-12 	1997 	358
2017-04-13 	1998 	338
2017-04-14 	1997 	337
2017-04-15 	1999 	319
2017-04-16 	1998 	291
2017-04-17 	2000 	282
2017-04-18 	2000 	287
2017-04-19 	2003 	303

